woman_id|birth_date_dt|menarque_age_nm|n_full_term_pregnancies_nm|age_first_fullterm_pregnancy_nm|breastfeeding_bl|breastfeeding_nm|menopause_cd|menopause_age_nm|menopause_cause_cd|breast_cancer_familial_atc_cd|ovarian_cancer_familial_atc_cd|personal_cancer_history_cd|previous_breast_cancer_left|previous_breast_cancer_right|surgical_atc_left_breast_cd|surgical_atc_right_breast_cd|hormonal_contraception_use_bl|hormonal_contraception_duration_nm|hormonal_replacement_therapy_bl|hormonal_replacement_therapy_duration_nm|histerectomy_bl|height_nm|weight_nm|comorbidity_cardiovascular_disease_bl|comorbidity_hypertension_bl|comorbidity_diabetes_bl|comorbidity_obesity_bl|smoking_status_cd|age_started_smoking_nm|left_breast_pathology_atc_bl|right_breast_pathology_atc_bl|left_mammary_prosthesis_bl|right_mammary_prosthesis_bl|residence_local_administrative_unit_cd|genetic_testing_brca1_cd|genetic_testing_brca2_cd|genetic_testing_palb2_cd|genetic_testing_check2_cd|exitus_dt
tergeo|2020-03-31|711|90|961|true|64|490|708|367|875|281|374|666|320|583|737|true|100|true|791|true|500|219.09711694701795|true|false|false|true|737|778|true|true|true|true|cursus|427|10|185|28|2024-09-28
recusandae|2024-05-30|179|459|968|false|756|246|345|381|820|569|890|997|132|829|977|false|258|false|626|false|653|923.904624458152|false|false|true|true|473|34|false|true|false|false|illo|247|542|485|795|2020-04-30
animi|2018-04-26|591|133|473|true|693|421|141|708|787|61|26|914|562|331|309|false|32|true|118|false|19|250.7660583983784|false|true|false|true|693|411|false|false|true|true|aveho|338|502|850|682|2022-03-15
accendo|2018-02-28|62|57|221|false|49|974|27|810|73|8|124|335|643|40|829|true|907|false|639|false|426|436.64368749792226|false|false|true|false|293|321|true|true|true|false|acer|137|268|731|559|2021-02-02
vesper|2021-12-15|872|873|204|false|345|332|745|540|336|880|590|628|668|246|555|true|489|false|769|true|9|861.0347697782818|true|false|true|false|789|29|false|true|false|true|dapifer|130|520|197|72|2023-09-05
volutabrum|2023-06-17|538|652|774|false|246|693|576|961|105|98|648|557|662|181|642|false|524|false|767|true|574|502.1452986034225|false|false|true|false|808|423|true|false|true|false|inventore|543|330|638|299|2018-03-22
aestivus|2024-04-16|313|30|151|true|108|772|815|499|884|903|696|137|590|753|673|false|893|false|980|true|219|95.7261854569349|false|false|true|false|833|748|false|true|false|false|patrocinor|76|82|879|566|2020-08-29
debitis|2022-08-31|628|220|752|true|588|556|97|563|652|964|323|563|122|511|8|false|758|true|40|true|882|44.12426791945012|false|true|false|false|984|320|false|false|true|true|patruus|7|490|598|708|2025-02-12
corrupti|2020-04-12|899|108|278|true|428|158|429|672|259|933|143|531|719|776|217|false|149|true|582|false|796|935.4047691809623|true|true|true|true|658|275|false|true|true|false|volo|15|668|222|338|2017-03-09
ceno|2026-06-07|912|913|192|false|306|184|819|679|464|829|47|849|292|791|979|true|849|false|730|true|455|830.4684429499122|false|false|false|true|187|175|true|true|true|false|claudeo|830|534|875|116|2021-06-04
animi|2017-07-24|126|724|298|true|598|648|535|326|279|436|71|386|862|332|182|true|250|true|926|true|968|304.20347887519995|true|false|false|true|244|724|true|true|false|false|veniam|20|306|351|303|2024-06-05
amitto|2023-03-21|274|482|980|true|602|417|137|408|777|23|729|958|952|67|427|true|7|false|304|false|459|927.0916444289944|false|false|false|false|928|855|true|false|false|false|tabernus|51|30|53|888|2024-12-25
villa|2019-09-23|63|549|544|true|814|912|22|996|561|315|299|266|791|522|727|false|320|true|693|true|320|750.2602488384654|true|true|false|false|340|312|false|false|true|true|arto|235|483|487|469|2025-06-01
somniculosus|2017-12-31|832|470|946|false|961|293|163|217|582|561|562|607|481|359|245|false|849|true|789|true|212|693.8804029623144|false|false|false|false|602|385|true|false|false|true|crustulum|745|985|635|37|2020-09-05
bellum|2017-08-28|337|635|903|false|400|162|164|549|396|754|949|64|788|425|849|false|988|false|530|false|997|838.3848295258066|true|true|true|false|47|791|false|true|false|true|vinculum|364|871|672|569|2024-02-17
admoneo|2020-02-25|632|753|354|true|839|811|62|797|322|484|341|914|831|486|720|false|472|false|76|true|873|641.2475370701899|true|false|false|false|774|97|true|false|false|false|harum|884|60|716|781|2020-08-17
tantillus|2023-01-25|280|275|747|true|487|544|975|234|644|454|75|234|553|597|474|true|470|false|574|false|993|98.82733409734567|false|false|false|false|568|199|false|false|false|false|cogo|915|789|849|872|2016-11-04
substantia|2022-03-30|648|359|886|false|399|892|687|74|929|848|856|915|256|25|177|true|180|true|756|false|265|445.78980510387936|false|true|false|false|417|901|true|false|true|true|summopere|198|76|877|219|2020-11-23
sortitus|2023-01-04|626|363|105|false|376|974|887|220|235|421|383|509|671|960|51|true|518|false|871|false|287|936.8288256620342|false|true|true|false|669|864|true|false|false|false|turbo|460|287|327|468|2024-01-19
tutis|2018-04-09|188|519|1|false|286|761|203|909|379|798|517|978|181|105|113|false|291|true|969|true|241|211.94215505657854|true|true|true|true|505|598|false|false|false|false|suffragium|474|357|876|440|2020-11-01
vilicus|2023-02-24|782|63|704|true|173|308|908|579|592|695|978|546|155|758|868|false|687|true|156|true|56|989.8132247114578|true|false|true|false|542|955|true|true|true|true|timidus|776|330|381|744|2017-11-02
pectus|2024-11-19|981|848|312|false|22|712|916|344|569|781|772|673|421|850|239|false|695|false|966|true|601|633.64802337057|false|true|false|false|229|717|true|true|true|true|minima|346|229|527|164|2022-11-04
depraedor|2018-05-09|384|44|448|false|300|891|257|245|660|280|594|232|327|508|844|true|924|false|941|false|523|775.0991758078096|false|false|false|false|922|731|true|false|true|false|auditor|244|150|380|105|2019-08-23
callide|2020-02-04|376|974|401|true|255|978|274|585|389|724|204|629|556|840|67|true|877|true|283|false|561|495.53561050327124|false|false|true|false|820|346|false|false|false|false|solutio|476|391|376|304|2017-04-08
ducimus|2020-04-06|480|316|786|false|961|979|437|686|198|795|645|429|603|891|557|true|575|false|295|false|247|427.69960786600194|false|false|true|true|63|227|true|false|false|true|attero|852|246|572|534|2022-12-08
acies|2024-10-26|788|951|370|false|949|113|238|62|237|998|536|233|312|221|601|true|413|true|792|true|493|768.1706716481674|true|false|false|false|851|967|true|true|true|false|tum|616|657|585|674|2024-04-26
tracto|2018-12-24|483|506|274|true|354|491|400|960|297|455|481|713|752|5|969|true|907|true|512|false|925|336.91238315156346|false|false|true|false|828|588|true|true|true|true|candidus|810|199|681|144|2021-01-15
adhuc|2019-01-19|837|805|287|true|646|702|771|603|618|954|662|440|821|217|920|true|499|true|703|false|933|191.08224748104575|false|false|true|false|954|502|true|true|true|true|vaco|548|515|6|72|2026-04-04
utpote|2021-08-28|252|107|411|false|586|298|501|304|62|569|624|231|886|50|553|false|826|false|41|true|86|82.38957620690834|true|false|true|true|208|321|false|false|false|true|natus|433|82|934|820|2025-10-22
adeptio|2023-03-13|994|803|612|true|579|485|301|559|281|526|165|670|463|448|259|true|690|false|558|false|729|229.90613596101184|false|true|true|true|271|517|true|false|true|true|ventosus|833|99|95|200|2026-01-30
patria|2020-06-22|953|396|313|true|415|315|129|637|533|331|561|641|819|757|604|false|118|false|882|true|560|534.98451546209|true|true|false|false|877|953|false|false|true|false|conicio|875|665|103|25|2017-11-20
quas|2022-12-19|319|662|360|false|750|729|614|418|156|469|199|701|686|403|425|false|680|true|471|true|637|584.9057628190628|true|true|false|false|318|714|false|false|true|true|quod|684|106|634|779|2016-09-26
articulus|2024-01-20|17|816|514|false|295|100|452|121|28|191|983|525|596|686|677|true|887|true|236|true|84|881.4225675322156|true|false|true|false|846|910|true|true|false|false|desipio|257|625|91|205|2018-11-12
adamo|2022-11-10|369|329|604|true|971|352|911|599|563|404|600|324|114|539|847|true|169|true|429|false|690|133.03487082405198|false|false|true|false|203|727|true|false|false|false|acervus|844|719|260|818|2022-01-24
deludo|2023-08-05|27|258|286|false|466|855|665|925|385|363|740|325|773|698|107|true|186|false|903|false|248|213.71998923001013|true|true|false|false|147|870|true|true|false|true|vester|973|14|964|381|2019-10-08
tantum|2020-11-21|393|961|689|false|981|415|403|87|103|332|676|244|627|127|511|false|91|false|770|true|60|723.8981536247314|true|false|false|true|738|906|true|false|true|true|administratio|676|298|316|339|2019-07-21
cum|2019-03-08|339|478|920|false|882|222|634|892|779|541|70|962|569|191|930|false|445|true|189|true|722|111.20943390736215|true|true|false|true|999|830|false|false|true|true|itaque|834|14|91|399|2019-02-16
facere|2024-09-27|854|491|948|true|470|701|542|220|202|935|308|779|855|914|658|false|551|false|692|false|260|645.5372712397044|false|true|false|true|476|269|true|false|true|true|terga|705|136|539|390|2018-02-25
spero|2023-01-20|171|137|428|false|279|740|676|829|517|514|431|240|114|797|603|false|267|true|670|false|330|215.73719367209|false|true|false|false|573|752|false|true|false|false|volo|975|893|697|557|2019-08-22
provident|2022-05-25|755|479|336|false|800|333|982|122|543|34|302|674|52|474|929|true|241|false|204|false|12|100.40062341487177|false|true|true|true|340|176|true|true|true|true|deleniti|235|607|616|74|2025-11-16
adopto|2020-08-18|877|972|218|true|739|393|715|673|867|179|598|52|326|465|406|false|182|true|818|true|972|901.7558568940854|true|false|false|true|796|139|false|false|false|false|vester|156|774|751|448|2019-05-27
teres|2021-07-08|909|307|963|true|562|167|26|418|466|640|96|257|487|54|143|true|165|true|832|true|555|777.0896690769629|true|true|true|false|971|315|false|true|false|true|cura|689|308|399|919|2022-07-30
subseco|2021-08-12|975|742|572|false|238|219|796|418|871|290|216|221|970|188|758|false|640|true|736|true|29|686.3324745871437|true|true|false|true|375|274|false|false|true|false|molestias|417|710|0|555|2024-12-23
beatus|2017-05-16|975|207|217|true|60|777|80|924|291|611|456|656|265|857|175|false|648|true|880|false|464|766.2813363066273|true|false|false|false|315|220|false|true|false|true|via|442|820|325|296|2017-07-26
thymum|2023-08-10|546|628|947|true|933|28|803|749|184|568|274|673|197|605|473|true|148|true|98|false|931|554.0510499005849|false|true|true|false|826|413|true|true|true|false|tantillus|334|659|528|748|2019-03-12
arceo|2018-01-22|756|739|35|true|952|718|101|34|172|45|280|134|683|262|803|true|281|false|861|false|168|88.62323304827713|true|true|false|true|210|165|false|true|false|true|confero|15|209|531|882|2019-06-28
vinum|2021-04-27|540|188|636|true|464|414|526|520|732|52|29|228|988|887|410|true|756|true|286|false|247|677.190922645419|false|true|true|false|750|10|true|false|true|true|corroboro|511|797|329|348|2022-08-02
ago|2025-09-27|176|173|870|true|515|230|542|576|707|481|223|429|805|570|688|false|772|true|482|false|728|500.2796166214102|true|false|false|true|232|895|true|true|true|true|eos|714|640|153|616|2023-04-25
torqueo|2022-08-17|168|911|845|false|721|965|486|806|849|205|324|871|45|880|472|false|520|true|66|false|891|900.7554903887324|true|true|true|false|554|329|false|false|true|false|spectaculum|375|332|588|449|2020-03-11
ab|2026-02-23|33|456|366|true|255|874|450|862|924|528|862|955|775|112|713|true|431|true|488|false|283|994.0912336115866|false|false|false|false|944|811|true|false|false|true|suggero|930|852|976|317|2024-02-10
triduana|2020-09-24|276|571|344|false|333|562|334|495|188|648|43|596|701|737|983|false|367|true|156|false|122|77.20594833012784|true|false|false|true|724|411|false|false|false|true|aspernatur|947|26|249|948|2023-09-10
summisse|2025-01-05|657|850|527|true|251|336|376|193|26|568|0|445|781|138|459|true|341|false|104|false|703|326.1329848427906|true|false|true|true|474|350|false|false|false|true|adsuesco|73|661|872|495|2017-08-11
volutabrum|2025-04-20|839|394|421|true|120|60|548|117|8|70|657|803|576|184|798|true|859|false|227|false|419|894.8658035636565|false|false|true|true|670|967|true|false|false|true|volo|530|754|996|119|2018-12-16
stillicidium|2020-07-28|922|773|43|false|32|432|548|89|421|137|159|593|188|605|104|false|215|true|321|false|665|535.0105593707336|true|false|true|false|456|630|false|true|false|false|eos|403|901|924|242|2026-04-24
viriliter|2018-12-13|825|144|310|false|467|900|757|637|892|524|597|227|303|152|508|true|807|true|932|false|262|870.2038922492094|false|true|false|false|82|719|true|true|true|false|enim|182|406|633|303|2025-12-07
adversus|2025-08-09|145|697|161|true|320|722|702|518|48|456|63|117|751|29|439|false|291|false|916|true|551|438.4549233595457|false|false|true|true|100|192|true|true|true|true|tamen|548|814|302|988|2025-07-31
catena|2022-12-31|883|192|916|false|64|480|235|281|646|747|104|515|45|92|931|false|856|true|640|true|131|843.7022400830043|true|true|true|false|565|636|true|false|false|false|omnis|903|147|577|210|2019-12-05
confido|2021-11-12|247|901|930|false|240|382|874|673|947|835|672|391|525|761|32|true|314|true|191|true|920|365.52095385095475|true|false|true|true|675|177|true|true|true|true|annus|337|354|614|431|2026-01-16
reiciendis|2025-12-27|269|268|845|false|959|724|819|217|91|200|266|239|1000|924|378|true|936|true|626|true|953|320.1247163042278|false|false|true|false|767|748|false|false|false|false|tollo|45|295|637|343|2018-10-08
crebro|2017-03-11|723|947|938|false|553|257|539|385|681|443|569|300|739|936|848|true|195|false|944|true|840|423.7726452532251|true|false|true|true|59|760|false|true|false|false|infit|909|826|285|903|2025-09-27
advenio|2022-12-29|659|982|80|true|13|881|998|322|496|17|472|503|682|636|928|false|977|true|203|true|237|621.2185956083252|true|true|false|true|471|769|true|true|false|false|vox|839|532|566|819|2021-12-27
bonus|2021-01-17|111|110|183|false|47|304|563|730|578|28|206|755|571|679|6|false|28|true|148|false|291|888.4875646549536|false|true|false|true|824|95|false|false|false|false|aegre|946|903|49|340|2024-10-07
argumentum|2026-06-24|445|184|253|true|457|14|681|596|385|341|355|137|736|709|778|false|175|false|306|false|70|248.8316319924233|false|false|false|false|375|409|true|false|true|true|verumtamen|820|466|984|813|2017-12-28
verto|2024-02-12|543|32|756|false|664|881|543|354|289|818|770|102|753|861|265|true|52|true|584|true|960|61.288440853906835|true|true|true|false|862|658|true|false|false|true|advoco|681|473|488|567|2017-01-27
arbitro|2024-02-11|943|172|532|true|567|355|135|658|110|626|542|850|61|523|81|false|614|false|60|true|642|102.79339943386667|true|true|false|true|45|607|false|false|true|false|incidunt|328|333|588|50|2023-02-04
aurum|2024-11-24|231|507|894|false|580|671|114|627|618|550|504|241|749|602|78|true|455|true|505|true|687|154.5489889306394|true|true|true|false|895|60|false|true|true|false|aliquam|843|392|624|900|2026-07-10
crebro|2023-01-19|693|610|964|false|633|539|695|819|6|243|580|390|294|843|437|true|424|false|451|true|655|322.80335312025585|true|true|false|true|343|597|true|false|false|false|ab|738|106|576|418|2024-07-21
utor|2017-02-05|522|50|320|false|555|224|298|502|704|976|669|142|306|953|904|false|127|true|192|false|220|419.06660166019515|false|false|false|false|817|224|true|true|false|false|eligendi|874|805|873|566|2017-09-01
dignissimos|2017-08-05|623|867|281|true|884|284|679|937|523|231|583|719|828|999|488|false|825|true|292|false|112|414.815978280878|false|false|true|false|769|991|false|true|false|false|vomica|861|13|880|19|2019-06-25
defungo|2022-01-19|791|365|91|false|832|765|109|823|700|176|284|586|329|823|336|true|876|false|832|true|607|90.9886851966053|true|false|true|false|247|292|true|false|true|true|carcer|381|246|247|419|2024-05-16
atque|2020-07-17|514|210|573|true|777|489|519|812|933|249|103|461|442|342|508|true|772|false|223|false|731|830.0715390593666|false|false|false|false|540|741|false|false|true|true|crudelis|243|372|825|807|2017-07-24
paulatim|2017-02-19|313|480|961|true|48|662|738|217|453|638|690|372|628|846|140|false|391|true|414|false|626|417.1529500238701|true|false|false|false|102|781|false|true|false|true|color|898|685|954|921|2023-12-22
adipisci|2022-01-15|242|434|886|false|236|658|419|292|800|387|98|775|40|680|180|true|191|true|43|false|526|21.934940387418166|false|true|false|false|335|872|false|true|false|false|temporibus|797|405|230|856|2020-08-09
cursus|2020-06-03|921|257|431|false|388|938|779|475|281|568|426|557|118|162|353|false|776|true|303|false|836|842.2090897483756|true|true|true|false|618|805|true|false|true|true|cogo|819|43|693|484|2025-04-03
reiciendis|2025-08-01|298|79|261|false|184|168|836|770|572|775|715|177|891|908|813|true|992|false|906|false|757|515.460347323053|true|false|true|false|819|836|true|false|true|true|nostrum|433|799|966|92|2021-06-30
cribro|2025-10-04|555|775|97|false|875|91|647|804|397|23|573|542|444|707|789|true|171|true|533|false|203|104.06644350381444|true|false|false|true|330|490|false|true|false|false|derelinquo|936|933|526|72|2024-11-23
vorago|2018-08-17|945|141|680|false|669|261|947|594|294|16|146|786|204|467|914|false|934|true|276|true|706|730.6098323479107|false|true|true|false|182|208|true|true|true|false|circumvenio|29|184|734|467|2017-03-17
versus|2017-05-23|458|6|515|false|482|75|994|162|781|915|354|424|470|869|411|true|153|true|982|false|207|267.8555278522421|true|true|true|true|629|304|false|false|false|true|volva|722|376|729|165|2019-02-17
delego|2018-04-13|370|816|735|true|210|10|561|614|118|153|99|103|58|225|853|false|753|true|739|false|259|340.3029940004059|true|true|false|true|42|440|false|true|false|true|soluta|471|704|202|18|2019-12-16
convoco|2024-07-28|314|702|851|true|391|92|874|35|70|133|250|647|165|330|844|false|442|true|704|true|33|88.49798047958768|false|false|false|false|991|57|false|true|true|true|timor|912|180|847|34|2021-01-17
delibero|2021-05-23|304|480|88|true|524|303|850|225|953|556|285|926|182|998|858|false|480|false|0|true|555|480.9446813783771|false|true|true|false|125|682|false|false|false|false|tardus|718|262|525|68|2025-04-05
consectetur|2023-08-14|848|189|720|false|690|920|772|269|97|789|883|845|552|418|592|true|534|true|37|false|384|246.5562649932651|false|true|false|false|561|328|true|false|true|true|conspergo|504|204|204|350|2024-01-09
cumque|2023-09-13|452|193|557|true|566|433|291|13|775|11|290|904|284|181|297|true|660|false|534|false|26|324.8237903667841|true|false|true|false|422|271|true|true|true|true|victus|525|740|203|232|2018-01-26
nihil|2018-05-23|318|574|692|false|434|983|458|899|236|258|421|509|191|248|690|false|625|false|26|false|320|28.013612512915454|true|false|true|false|53|44|false|true|false|false|earum|352|905|690|80|2022-12-04
supellex|2019-11-01|39|966|118|true|247|744|673|245|12|473|36|722|992|797|785|false|329|false|293|false|747|882.5484318251806|true|true|false|true|856|888|true|false|false|false|clam|619|877|417|939|2019-07-12
cunabula|2024-08-19|945|707|657|false|502|625|120|106|867|387|869|631|151|581|677|false|751|false|57|false|578|193.7253622575359|true|false|true|true|576|822|true|false|true|false|adflicto|892|746|549|326|2016-10-02
atrocitas|2022-04-26|797|531|724|true|800|933|565|341|78|640|170|553|408|483|127|true|751|false|645|true|742|89.98730187097425|false|false|true|false|385|857|false|true|true|true|cunae|934|346|963|402|2017-03-27
sophismata|2018-03-15|375|244|800|false|892|850|633|553|45|489|305|192|701|887|525|false|405|true|46|false|26|702.8485061662933|true|true|true|false|551|855|true|false|true|false|tabula|728|961|467|711|2021-09-30
caveo|2026-02-11|936|394|157|false|305|742|139|253|785|760|927|813|342|148|571|false|333|false|774|true|548|826.4576987372967|true|false|true|false|503|432|true|false|false|true|aggero|617|617|508|212|2019-12-23
spiritus|2019-01-15|669|948|633|true|708|118|23|382|169|287|478|543|260|99|340|true|836|false|399|true|618|139.48371990141374|false|false|true|true|797|527|true|true|true|false|ante|419|281|348|370|2019-02-23
vitiosus|2024-11-23|949|877|372|false|853|835|850|236|582|302|71|604|992|725|440|true|219|false|492|true|389|507.35107947681024|true|true|true|false|254|371|true|true|true|false|canonicus|38|333|873|623|2018-03-27
adaugeo|2022-04-26|7|955|354|false|761|607|623|197|853|613|293|453|923|341|552|false|61|false|286|true|484|769.9284147518803|false|false|true|false|906|916|true|false|true|false|qui|234|306|77|645|2022-04-08
aegrus|2017-05-05|342|359|607|false|528|982|170|155|864|572|498|485|688|764|170|false|351|true|831|false|865|956.2039399484062|true|true|true|false|352|557|false|false|true|true|veniam|132|46|244|678|2016-09-08
barba|2021-05-07|224|40|668|true|480|449|813|956|530|243|483|867|777|274|23|false|119|false|441|true|479|534.3765077462417|true|true|false|false|500|886|false|true|true|false|laboriosam|415|943|415|601|2019-08-16
sapiente|2019-04-10|484|47|979|true|847|598|676|350|770|502|815|393|482|39|95|false|214|false|172|false|111|796.7856901780873|false|false|true|false|356|876|true|false|true|false|desidero|475|883|522|999|2020-03-22
demonstro|2023-05-10|746|909|363|true|477|53|436|313|139|175|208|815|251|503|515|false|140|true|852|true|386|835.205856025836|false|false|true|true|746|933|true|true|true|true|deduco|688|679|237|597|2018-11-06
patruus|2023-02-18|383|593|772|false|979|743|61|225|740|590|232|66|547|414|351|true|503|true|275|true|0|106.2351790654339|true|true|true|false|371|123|true|true|true|true|virga|950|835|27|114|2018-09-20
copiose|2020-08-07|125|797|864|false|958|395|969|629|617|316|245|140|704|659|812|false|143|true|560|false|845|295.1629475734112|false|true|false|true|825|418|true|true|false|false|ventosus|927|785|412|142|2024-09-27
velociter|2017-10-21|406|83|126|true|959|605|617|824|712|503|223|621|379|580|293|false|859|true|468|true|601|445.08660800832575|false|false|false|false|944|189|true|true|false|true|claudeo|412|942|221|186|2026-04-15
speciosus|2024-05-26|551|200|918|true|956|150|49|652|231|361|434|506|100|181|626|false|761|false|675|false|612|154.42363157563233|false|true|false|true|860|950|false|true|false|true|comitatus|889|109|866|862|2025-02-27
corrupti|2018-05-08|491|552|39|false|80|718|967|401|983|394|225|122|507|251|958|false|702|true|174|false|498|755.7830216911184|true|false|true|false|25|830|false|true|false|false|votum|339|37|921|810|2022-11-27
vociferor|2016-10-27|682|754|385|true|135|265|281|994|517|899|877|484|294|666|581|true|516|true|289|false|626|57.47841517094609|true|false|false|true|283|756|true|true|false|false|desipio|154|198|548|650|2021-07-15
nam|2020-10-01|103|199|472|true|252|421|273|881|473|610|671|498|448|54|430|false|837|false|819|true|145|458.21562764156175|false|false|true|false|16|829|false|false|false|false|excepturi|538|214|724|108|2024-12-28
cur|2018-04-16|584|363|713|true|977|720|461|150|197|104|379|186|403|234|941|false|559|false|186|true|693|203.78700118090342|false|true|true|true|864|496|false|true|true|true|tero|118|952|599|784|2024-10-08
aliquam|2022-04-20|835|858|30|false|908|378|380|996|337|352|289|238|284|486|134|false|520|true|105|false|94|217.1922769250424|false|true|true|false|592|290|true|false|true|false|vacuus|359|172|714|380|2020-07-06
adsuesco|2022-12-05|197|900|498|false|465|234|63|351|676|251|854|956|290|463|553|false|506|true|832|true|978|634.272096182209|false|false|true|true|410|304|false|false|true|false|vilicus|414|53|470|77|2021-09-22
barba|2016-08-01|938|742|460|true|167|628|889|73|613|693|881|761|209|525|188|false|371|false|590|false|496|292.5009013676505|false|false|false|true|575|583|true|false|false|true|defluo|862|362|566|429|2016-09-25
tersus|2017-07-08|114|446|850|false|546|64|141|62|558|693|598|558|456|847|802|true|225|false|609|true|808|384.1232213952631|false|false|false|true|602|512|false|false|true|false|verto|633|916|940|914|2017-05-02
quod|2023-02-27|299|735|438|true|252|957|504|435|524|589|703|176|230|639|122|false|678|false|49|true|124|314.6566800952982|false|true|false|false|950|747|false|true|false|false|eligendi|882|299|590|555|2026-05-07
copiose|2022-04-20|52|576|671|true|836|294|776|773|619|197|908|462|826|750|954|true|285|false|777|false|161|502.07827763783166|true|true|false|true|233|209|true|false|false|false|super|316|806|653|298|2024-08-01
virgo|2021-11-02|112|749|519|true|427|31|706|91|162|293|216|807|0|618|570|true|30|true|978|true|0|141.31840417024875|false|true|true|true|986|617|false|false|false|true|collum|32|619|482|103|2022-11-26
solum|2018-09-25|374|977|915|false|254|513|866|709|795|504|870|655|146|160|655|false|957|false|479|false|869|579.3729004465342|true|true|false|false|719|734|true|true|false|false|cimentarius|477|78|977|971|2021-09-26
spero|2025-11-18|416|819|768|false|351|276|975|274|111|213|45|261|772|720|260|false|785|false|539|false|854|939.7843609996387|true|true|false|false|859|646|false|false|false|false|abduco|183|859|876|850|2021-02-12
summa|2018-04-04|261|806|862|false|556|172|837|81|269|552|68|425|838|59|618|true|202|true|74|false|152|945.2885624503576|false|false|false|true|484|752|false|true|false|true|color|89|686|334|66|2020-12-27
fugit|2020-02-28|248|625|236|false|133|846|743|637|510|133|671|797|856|261|148|true|206|true|797|true|251|114.23926683302388|true|true|true|true|409|974|true|false|false|true|totam|151|743|813|536|2017-07-20
animi|2022-11-18|101|723|878|false|640|572|420|962|235|154|478|118|49|716|640|false|711|true|39|true|556|733.9505994267354|true|false|true|false|228|704|false|false|true|true|usque|218|546|195|62|2020-12-26
campana|2017-11-21|121|520|891|false|943|24|840|733|509|288|278|387|720|483|365|false|344|true|400|true|683|701.539019526857|true|false|true|true|142|96|true|true|true|true|conculco|444|320|891|365|2020-11-01
uxor|2021-06-04|607|632|975|true|951|136|601|338|443|228|400|462|683|316|109|true|390|false|540|false|648|607.474153078146|false|false|true|true|189|10|true|false|true|false|sodalitas|343|288|409|549|2026-07-16
argumentum|2024-09-07|167|402|955|false|275|686|722|937|468|42|653|853|812|55|135|false|189|true|975|false|803|756.1994775913506|false|false|true|false|368|524|true|false|true|false|demoror|863|929|299|188|2022-12-28
nostrum|2019-12-28|429|804|134|true|708|813|728|884|981|246|842|120|786|546|788|false|131|true|766|true|898|835.1419354879754|false|true|true|false|360|685|true|true|true|false|campana|497|137|11|413|2021-08-27
peccatus|2025-08-01|530|226|150|false|502|438|753|908|163|122|245|385|544|882|401|true|396|false|468|true|188|153.96571807702642|false|true|false|true|760|929|false|false|false|true|antepono|897|107|271|491|2023-09-26
assentator|2022-09-16|460|224|443|true|68|989|961|385|3|900|836|578|733|735|73|false|837|false|70|true|581|329.43782368232166|true|false|true|false|605|756|false|true|true|true|inflammatio|775|886|587|850|2023-07-21
strenuus|2017-02-27|368|440|151|false|504|98|286|683|937|391|282|691|583|249|180|true|970|false|583|false|124|685.2423937076555|true|true|true|true|123|141|false|false|false|false|amet|473|963|401|228|2018-05-07
venustas|2023-08-08|163|106|535|true|668|145|239|812|947|325|743|325|888|593|218|false|907|false|891|false|569|609.7177490929556|false|false|false|true|678|692|false|false|true|true|volva|188|893|593|201|2024-06-13
victus|2016-10-09|245|980|465|false|565|370|394|696|825|900|488|169|862|58|809|false|897|false|983|true|254|117.49620555626272|false|false|false|false|656|455|false|true|true|true|carbo|727|583|973|752|2025-08-09
conqueror|2022-11-16|269|35|801|false|100|707|497|894|619|691|99|754|39|44|759|true|517|false|553|false|240|525.6708514411847|false|true|false|false|387|649|false|true|false|true|vox|438|100|274|500|2022-05-15
terga|2017-10-20|839|756|234|true|494|19|538|883|489|69|978|717|415|719|565|false|432|false|776|true|198|12.735632095271733|false|false|false|true|560|223|true|false|true|false|quisquam|444|665|159|699|2017-01-28
et|2017-11-29|181|158|313|false|20|320|854|656|326|154|6|335|556|797|455|true|398|false|889|true|882|844.2138575910196|true|false|false|true|350|901|true|false|false|true|comminor|241|557|770|630|2022-10-18
correptius|2024-11-30|999|135|899|false|283|88|536|349|909|998|856|211|809|760|88|false|83|true|181|false|107|713.8661439396286|false|false|false|true|488|131|true|true|true|false|terga|934|176|977|168|2020-10-17
bellum|2016-12-07|841|402|293|true|633|709|28|425|327|365|1000|119|327|575|224|false|137|true|68|true|911|149.2371558829939|false|false|true|false|644|160|true|true|false|false|communis|419|309|836|440|2019-02-22
combibo|2020-03-31|598|386|829|true|998|293|446|282|825|20|932|839|470|153|898|false|635|true|135|false|222|560.1029977532066|true|true|true|true|259|653|false|false|true|true|necessitatibus|464|322|586|444|2024-10-14
vulgo|2021-07-15|219|500|103|false|325|587|428|749|697|94|492|533|983|403|960|false|667|false|557|false|142|834.1436110648077|true|true|false|true|504|50|false|false|true|true|angustus|766|830|758|268|2024-02-02
despecto|2023-11-20|149|458|568|false|508|949|704|840|875|350|97|606|189|262|663|true|862|true|388|false|687|141.59077449758462|false|false|true|false|433|360|true|true|true|false|admoveo|904|931|162|800|2022-01-24
doloremque|2021-07-20|661|162|308|true|446|634|170|563|661|81|933|357|841|158|431|false|879|false|50|false|513|117.29765602973119|false|true|false|true|208|894|true|true|true|true|unus|168|394|229|418|2018-08-17
iure|2021-09-06|853|810|661|false|834|834|10|348|389|785|961|106|384|89|634|false|348|false|172|true|934|328.43900019464587|true|false|false|true|855|920|false|false|false|true|claudeo|16|683|417|268|2025-02-05
maxime|2022-07-10|736|9|394|true|278|905|948|729|760|439|909|223|954|541|830|true|426|true|232|false|926|971.862413367929|true|true|true|false|331|170|true|false|false|false|cresco|338|536|775|794|2017-02-05
temptatio|2019-06-16|682|942|828|false|270|519|961|617|553|699|692|526|62|436|601|true|946|false|608|true|487|25.68622197248849|true|true|true|false|691|300|true|true|true|true|terminatio|186|910|452|629|2018-07-25
adficio|2023-09-20|981|169|259|false|367|265|507|572|731|374|847|353|210|774|930|true|554|true|152|true|334|513.2061693222996|false|false|false|false|665|228|false|false|false|false|deleniti|520|401|163|609|2020-02-09
decumbo|2019-09-18|108|167|920|true|999|73|724|288|313|311|633|957|528|448|755|false|206|false|252|true|734|680.2851042813297|false|true|false|true|770|558|true|false|true|true|paens|710|972|119|644|2020-05-18
tumultus|2023-11-12|630|98|81|true|425|174|871|116|593|563|628|164|997|89|85|true|491|true|930|true|159|684.3298971900643|false|false|false|true|40|862|true|false|true|false|derideo|502|136|814|400|2025-11-17
capitulus|2026-06-20|860|366|427|false|881|840|270|545|267|114|754|922|937|178|219|true|760|true|185|true|762|662.4556908829445|true|true|false|true|693|687|true|true|false|true|carus|966|242|199|102|2025-02-03
sum|2021-10-17|424|787|583|true|720|968|534|601|370|947|116|691|261|119|270|false|339|true|940|false|73|814.1102852569084|true|false|true|true|947|154|false|true|false|true|aro|843|628|452|912|2023-07-24
patior|2022-07-12|583|371|41|false|353|271|520|181|502|661|667|465|727|767|421|false|5|false|556|true|92|205.97480919626088|false|true|false|true|246|8|true|true|true|true|antepono|673|873|988|905|2021-08-10
calculus|2021-07-07|615|940|158|false|224|531|519|359|710|812|657|677|783|675|916|false|576|false|547|true|255|669.1915997272284|true|true|false|true|797|128|true|true|true|false|ancilla|292|160|567|887|2023-03-11
calcar|2018-11-28|998|470|459|true|851|539|248|238|581|422|942|733|539|94|545|true|181|false|362|false|665|482.98664094538225|false|true|true|true|25|107|true|true|true|true|cresco|683|983|450|472|2022-06-07
velut|2016-09-27|232|951|292|false|686|372|872|441|409|877|200|360|209|286|629|false|620|true|944|true|418|774.2906851729763|true|false|true|false|116|917|false|true|false|true|molestiae|528|462|168|493|2020-06-21
campana|2018-07-21|592|356|866|true|316|327|851|469|553|118|391|29|742|927|329|true|545|false|106|false|837|335.5186898224759|false|false|false|true|271|17|false|false|true|true|illo|366|219|428|749|2022-11-27
truculenter|2021-06-17|24|576|232|true|2|793|690|218|35|967|952|875|457|600|278|false|733|false|269|true|723|9.727961564131027|true|true|false|true|324|848|false|true|true|true|cruciamentum|827|703|243|28|2023-01-24
ab|2020-08-16|796|981|633|true|756|868|51|409|65|200|254|460|18|804|212|true|230|true|663|true|652|804.1654450213572|true|false|false|true|756|36|false|false|true|false|strenuus|606|130|130|885|2020-04-29
territo|2018-06-19|802|928|68|true|589|530|333|912|830|314|472|306|397|348|483|false|17|true|298|false|873|464.26653745423476|true|false|false|false|71|144|true|true|true|false|umquam|571|3|370|30|2024-02-29
nesciunt|2023-12-03|688|1000|846|true|17|189|755|703|439|436|287|331|259|970|237|false|923|false|817|false|414|822.3908544203566|false|true|true|true|851|128|false|false|false|true|coepi|984|600|251|822|2026-02-04
torrens|2024-09-27|105|835|282|true|816|8|363|848|859|817|225|128|77|321|35|true|701|false|811|true|820|780.6458266142555|false|true|true|false|194|899|true|false|true|true|sint|476|221|590|559|2023-06-13
sum|2018-08-20|608|590|42|true|278|715|430|731|657|64|510|908|521|418|984|false|608|true|32|false|599|951.157823438694|false|false|true|false|849|789|false|false|false|false|tempora|301|185|729|62|2020-07-15
aestivus|2019-08-03|167|827|606|false|645|740|634|639|444|940|494|959|948|64|59|true|661|false|822|true|625|639.2393931415512|false|true|false|true|623|334|true|false|true|false|caute|785|521|950|831|2017-09-27
turbo|2018-12-03|640|138|907|true|971|114|408|315|14|748|10|745|308|416|829|true|44|true|403|true|780|140.87079490655418|true|true|true|true|705|630|true|true|false|true|congregatio|257|504|679|508|2021-12-17
claudeo|2024-12-08|429|945|72|true|392|196|595|457|735|767|448|266|30|104|369|false|430|false|932|false|104|81.9751837491931|false|false|true|true|72|422|false|false|false|false|culpa|111|310|602|903|2024-01-10
bellicus|2020-01-17|988|1000|138|true|883|496|934|909|104|61|94|929|747|763|162|false|508|true|918|false|349|697.8861814376814|false|false|true|true|380|130|true|false|false|false|pariatur|652|893|857|584|2024-06-20
votum|2018-08-23|129|480|389|true|775|92|474|179|931|338|934|953|222|506|408|true|667|false|768|true|634|98.18950973732565|false|true|true|true|5|758|true|true|true|false|peior|440|827|681|613|2025-06-14
carus|2021-10-10|285|761|852|true|711|584|589|76|221|53|224|698|852|763|0|false|58|true|271|true|253|232.62798625551707|false|true|false|true|40|730|false|false|false|false|adulescens|799|356|511|223|2016-10-20
degusto|2021-03-30|811|319|451|false|683|832|62|525|106|374|265|117|776|775|510|true|442|false|527|true|609|213.0179638471068|true|true|true|false|487|277|true|false|false|false|attollo|67|5|843|283|2024-07-22
ustulo|2022-08-02|466|333|112|false|280|891|910|728|836|825|399|29|295|547|248|true|741|false|873|true|544|138.95787079491816|true|true|false|true|830|957|false|false|false|true|denuncio|477|466|547|493|2025-03-18
peior|2018-10-06|39|504|373|true|34|697|96|242|869|722|66|896|110|886|518|true|497|true|219|false|54|553.5188731353998|true|false|false|true|38|918|false|true|true|true|nam|697|87|849|415|2026-04-27
debeo|2022-04-26|377|397|876|false|424|691|600|40|911|723|380|544|179|915|491|true|492|false|924|false|180|829.8022220819706|true|true|true|true|1000|440|false|false|false|true|caute|784|783|373|10|2017-03-06
tristis|2024-11-13|46|500|339|true|975|913|540|782|809|558|143|134|510|586|633|false|661|true|909|false|558|153.82524358521|false|true|true|false|431|358|true|false|true|true|spectaculum|795|972|187|92|2020-05-20
corpus|2025-12-23|485|898|996|false|457|151|932|807|613|628|564|858|85|52|163|false|858|false|238|false|597|254.8820688459522|false|true|true|true|799|421|true|true|true|false|coruscus|199|173|459|433|2018-12-17
cimentarius|2016-10-12|543|659|140|true|790|522|61|170|811|762|624|970|625|371|672|true|866|false|853|true|895|626.7672159206409|true|false|true|false|420|713|false|true|false|false|tenuis|876|713|725|551|2021-07-01
terreo|2017-02-06|837|980|418|false|777|975|377|983|926|844|618|170|340|24|15|false|922|true|827|true|166|273.6180059247627|false|false|true|false|181|609|true|false|true|true|neque|699|931|881|814|2021-04-01
alveus|2018-04-14|746|548|21|false|198|934|430|432|390|793|709|483|433|651|308|false|422|true|927|true|352|771.8788505246597|false|true|true|true|400|521|false|false|false|true|truculenter|473|123|26|530|2021-08-11
appono|2020-07-28|523|800|686|false|446|179|943|891|828|897|959|208|439|272|678|true|675|true|131|true|573|47.224813123663665|true|false|false|true|189|490|true|false|false|true|validus|311|787|716|87|2017-10-29
odit|2020-01-24|911|19|578|true|545|753|367|734|856|537|292|106|426|7|900|false|866|false|242|false|13|491.951134730923|true|true|true|true|144|722|false|false|true|true|absque|33|17|316|416|2023-10-25
suspendo|2023-08-20|477|439|329|true|442|334|936|239|137|566|938|185|744|774|727|true|413|false|306|true|187|865.2161027904663|true|true|true|true|732|364|false|true|false|true|auctor|132|695|498|661|2025-06-05
coepi|2021-11-12|326|290|326|true|74|56|201|303|722|867|819|177|321|783|444|true|353|true|818|true|423|147.83910097180396|false|true|true|true|472|187|true|true|false|false|desidero|594|57|618|176|2020-09-17
modi|2020-09-20|619|634|354|true|33|603|935|751|51|177|264|282|363|878|410|false|317|false|628|true|870|26.249078783328606|true|true|true|true|496|916|true|true|true|true|clibanus|325|644|190|214|2023-04-22
chirographum|2024-08-31|965|986|776|true|320|904|205|161|667|938|497|939|365|959|6|false|156|false|503|true|432|368.38873668487093|false|true|true|true|990|563|false|true|true|true|confugo|85|498|83|690|2020-08-17
cultura|2021-12-28|472|132|367|false|662|993|302|989|75|84|47|575|776|131|181|true|231|true|660|true|103|308.20861240682507|true|false|false|false|449|752|true|false|true|true|fugiat|251|546|17|222|2022-11-18
via|2023-03-14|608|960|238|true|598|540|138|637|682|913|728|582|283|62|11|false|421|false|644|true|466|223.60629559321708|true|false|false|true|151|702|true|true|true|true|adsum|181|233|118|1|2019-03-17
cauda|2020-09-29|735|266|306|false|4|57|801|954|508|73|615|560|449|748|765|true|5|false|404|false|954|908.4005942770583|true|false|true|true|207|993|true|false|false|true|canto|726|869|478|167|2018-08-09
verumtamen|2025-05-28|630|714|992|true|239|367|403|873|447|369|646|240|466|457|732|true|302|false|51|true|546|198.39598202256448|false|true|false|false|940|459|false|false|true|false|curis|996|592|847|802|2018-04-09
caput|2022-08-20|663|46|722|false|450|226|319|966|494|118|58|7|49|814|326|false|303|true|665|false|162|680.1373333802435|true|false|false|false|862|819|false|true|true|false|solium|127|66|279|31|2017-09-29
vito|2022-02-10|618|208|135|true|358|934|502|346|89|580|167|562|128|22|419|true|201|false|617|true|936|449.4207362721426|true|false|false|false|647|191|true|true|true|false|porro|731|96|657|835|2018-04-13
admoveo|2021-11-04|811|933|887|true|318|249|590|704|809|750|420|960|769|388|207|false|563|true|704|true|637|97.64774440271651|true|true|false|false|643|628|true|false|false|false|verto|323|842|64|830|2025-03-12
adsum|2025-09-16|978|589|388|false|70|133|289|623|588|750|359|268|870|556|877|false|607|false|681|true|340|179.70049023497614|true|false|true|true|153|508|false|true|true|true|vapulus|528|734|415|118|2020-01-18
contego|2018-12-30|977|660|426|true|566|456|669|166|997|972|608|253|21|151|969|false|940|false|504|true|686|977.3248538102469|false|true|true|false|452|416|true|false|true|true|audentia|834|649|1000|613|2024-12-05
cervus|2023-01-21|740|309|46|true|781|686|652|211|599|946|938|734|901|821|546|true|39|false|641|true|900|118.33479959115489|true|false|true|true|341|791|false|false|true|true|adipisci|355|339|376|792|2026-02-14
cruciamentum|2019-03-23|263|185|820|false|604|575|271|549|690|530|265|913|843|922|167|false|476|true|376|true|580|770.1166059709681|true|true|false|false|728|760|false|false|true|false|concedo|42|89|586|105|2016-08-31
placeat|2024-04-16|133|468|358|true|563|287|629|563|292|906|57|122|431|114|136|true|110|false|98|false|429|87.19535683762547|false|false|false|true|964|619|false|false|false|true|comparo|201|141|959|222|2024-07-03
conscendo|2021-10-21|397|17|717|false|586|172|858|699|18|236|143|465|976|929|849|true|148|true|837|true|387|418.73998489798623|true|true|false|false|499|232|false|true|true|false|conventus|326|192|715|817|2024-06-20
vespillo|2016-11-12|414|177|686|false|854|462|701|655|673|129|412|319|231|765|138|false|562|true|80|true|847|351.7241560638682|true|true|true|false|63|100|true|false|false|false|textilis|847|650|537|361|2016-08-21
defluo|2020-03-24|86|948|429|false|500|386|507|70|528|488|549|353|145|687|880|true|828|false|203|true|743|506.49276529444666|false|false|false|true|998|207|false|true|false|false|textor|430|572|610|746|2021-10-16
villa|2025-11-22|331|357|395|true|561|820|544|849|474|832|258|313|30|472|971|false|660|false|53|true|35|381.6781034739033|true|true|false|false|208|271|true|false|true|false|ocer|238|228|856|239|2026-06-26
victus|2018-09-21|624|433|212|true|980|745|478|951|900|32|363|446|100|739|583|true|801|false|290|false|900|3.847089787055946|true|true|true|false|688|62|false|true|true|false|crapula|386|164|932|842|2017-10-07
est|2017-12-12|527|526|360|true|281|524|372|708|966|822|316|555|792|168|910|false|801|true|914|false|40|650.5891704382209|false|true|true|false|684|760|true|false|true|true|vilis|825|265|255|851|2024-08-10
comitatus|2017-11-28|639|610|420|false|161|935|229|387|359|105|970|531|838|127|248|true|733|false|2|false|154|678.1174812239499|false|true|false|true|422|260|true|true|true|true|capto|408|218|694|717|2019-07-21
illum|2025-05-06|960|533|870|true|366|785|216|852|659|296|899|999|195|167|602|true|70|true|628|true|281|383.144196532665|true|true|true|false|833|640|false|false|false|false|autus|551|925|223|622|2019-01-14
adflicto|2024-12-29|674|501|581|true|499|878|255|255|906|653|891|728|750|442|985|true|332|false|108|false|778|748.0244046502727|true|true|true|false|976|130|false|false|false|false|demens|169|958|411|398|2018-02-01
confugo|2019-03-02|588|590|883|false|710|98|364|304|243|32|228|357|651|960|261|true|924|false|419|false|588|395.05597808959516|false|true|false|false|814|207|false|true|false|true|avarus|585|387|846|287|2026-03-30
repudiandae|2025-04-02|948|205|231|true|948|438|854|451|753|401|499|606|985|483|732|true|503|true|284|true|207|80.40402091607402|true|true|true|true|625|233|true|false|true|false|veniam|949|47|199|162|2025-01-01
subnecto|2020-06-08|699|961|224|true|742|164|520|544|310|262|923|271|671|142|321|false|564|true|678|true|683|583.1261879356551|false|false|true|false|898|178|false|true|true|true|id|565|280|378|715|2018-05-12
toties|2024-07-30|167|145|885|false|85|348|824|912|847|906|201|975|985|717|319|true|717|true|501|true|417|772.8452896431689|true|true|false|false|144|179|true|false|false|false|adduco|204|607|11|488|2025-04-03
cilicium|2023-08-04|453|478|344|true|59|501|350|124|125|274|607|798|653|422|941|false|232|false|470|false|603|103.27579329172498|false|false|false|false|634|546|false|true|false|true|quod|452|276|905|432|2017-10-29
sto|2017-09-30|95|10|173|true|78|485|538|669|259|576|142|488|630|354|718|false|158|false|804|true|653|565.5429473170826|false|true|true|false|929|483|false|true|true|false|denique|671|482|962|515|2026-04-17
cavus|2023-03-11|961|470|393|true|839|815|710|672|89|377|848|24|808|643|107|true|461|false|347|false|330|44.15320341179574|true|false|true|false|473|243|true|true|false|false|suffragium|255|377|414|48|2024-06-19
sustineo|2023-12-27|791|484|310|false|340|90|30|426|877|703|146|865|638|111|114|false|756|false|19|false|513|542.4867150717687|false|false|false|true|439|381|false|false|true|false|censura|542|587|961|339|2024-11-07
attonbitus|2024-03-24|122|13|387|false|357|650|459|575|209|481|794|69|839|860|413|true|783|true|748|false|467|64.29178335688601|true|true|false|true|666|983|false|true|true|false|vesper|781|862|618|617|2024-10-08
sponte|2026-02-14|175|909|294|true|22|970|250|205|45|32|767|635|151|994|227|true|710|false|281|false|447|726.8093164202614|true|false|true|true|746|411|false|false|true|true|accendo|991|683|890|677|2020-04-07
voluptatum|2018-11-18|363|670|994|true|859|77|764|900|423|582|82|0|938|405|880|false|855|true|225|false|452|832.1373145851294|false|false|false|false|66|903|false|false|false|false|alo|343|736|13|550|2025-07-13
velociter|2025-09-08|956|136|203|false|329|410|244|977|495|160|487|218|649|860|36|false|109|true|21|true|478|511.0299799265412|false|true|true|true|457|496|true|false|false|true|delectus|129|966|871|155|2021-03-19
speciosus|2017-01-13|572|871|171|true|827|640|612|547|915|22|691|222|551|624|752|false|56|true|178|true|164|164.11994685769037|false|false|true|false|921|686|true|true|false|true|magni|359|613|920|245|2018-06-17
consequuntur|2024-11-02|580|126|409|false|388|574|622|862|944|201|1|904|559|88|817|true|654|true|744|false|523|116.36386460340798|true|false|true|true|97|529|false|true|true|false|harum|151|240|532|900|2024-12-18
cur|2024-06-09|405|976|654|false|254|910|822|572|931|927|966|734|576|297|407|false|459|true|109|true|574|489.2375590347581|false|false|true|false|652|905|true|false|false|true|contabesco|717|526|346|891|2023-03-12
saepe|2021-03-06|892|648|932|true|671|327|439|707|217|75|142|686|940|834|781|false|470|true|296|true|282|126.4166939388105|true|false|false|true|706|138|true|true|false|false|denique|395|592|768|141|2017-08-14
textus|2023-02-13|187|919|488|false|211|750|9|203|83|326|286|833|396|973|901|false|274|true|474|false|513|219.6423188527794|true|true|false|false|696|526|false|false|true|false|volva|597|849|227|18|2022-04-17
votum|2022-02-21|476|189|214|false|568|763|656|236|531|121|171|11|217|896|650|false|853|true|336|false|295|888.5390352741497|false|false|true|false|981|421|false|true|true|false|thermae|457|510|656|755|2026-05-30
verumtamen|2021-05-24|294|572|896|true|934|907|762|517|75|870|865|176|33|113|747|true|711|true|899|true|199|33.28429701779512|false|false|false|false|298|867|true|false|false|true|viriliter|675|233|476|218|2022-01-29
argumentum|2016-12-22|643|696|22|true|101|670|839|145|554|451|642|531|381|63|769|true|508|false|580|false|548|582.1713087873793|false|false|true|false|579|481|true|true|false|true|alo|669|856|588|328|2022-08-25
aeneus|2022-05-24|345|657|853|false|405|675|832|340|444|73|724|642|426|882|806|true|686|true|954|false|724|245.21283426548823|false|true|false|false|278|365|false|true|true|false|caput|962|3|242|181|2016-11-16
titulus|2016-08-02|927|837|534|false|999|428|926|661|627|128|769|495|405|234|882|false|300|false|347|false|182|376.8293631523021|true|false|true|false|300|760|true|false|true|false|adicio|108|228|173|810|2016-09-19
accommodo|2023-01-17|541|275|178|false|433|213|780|345|70|270|454|961|926|921|398|true|622|true|989|false|804|971.6805347807241|true|false|false|true|286|587|true|false|false|true|acervus|749|482|545|546|2022-04-19
sperno|2023-04-13|727|109|981|true|195|34|102|627|308|982|153|512|904|568|810|false|743|true|690|false|45|707.3630460342904|true|true|true|false|523|193|false|true|true|true|socius|203|719|70|480|2017-11-10
credo|2020-03-10|228|864|175|false|515|433|731|283|524|196|863|998|942|355|238|false|49|true|949|true|426|974.0313657746096|false|false|true|true|368|303|true|false|false|true|adhuc|367|684|130|192|2020-11-27
voluptatibus|2025-11-17|941|501|913|true|674|412|869|50|402|316|230|593|103|439|65|false|290|true|422|false|669|466.3663075234448|true|false|false|true|582|369|true|false|true|false|architecto|234|38|124|942|2018-02-14
placeat|2023-06-13|962|525|749|false|114|158|777|283|421|644|445|730|874|697|826|false|587|true|54|false|380|534.10467382071|false|false|false|false|398|345|true|false|false|false|curso|201|157|628|652|2022-02-06
testimonium|2021-01-26|248|667|183|false|427|344|548|111|895|338|59|326|526|441|718|true|453|true|176|false|886|104.98680870930322|true|true|false|false|303|120|true|false|false|true|absconditus|404|704|246|921|2025-04-13
varius|2021-08-19|300|458|203|false|15|50|196|817|912|810|899|681|82|87|463|true|752|true|357|false|780|146.53801117519194|false|false|true|false|229|326|false|false|false|false|vero|736|218|177|691|2021-11-14
architecto|2025-01-26|560|960|150|false|627|908|923|465|213|60|31|18|338|527|755|false|420|true|978|true|979|97.5384366395532|true|false|true|false|954|477|true|false|false|true|arguo|468|842|14|828|2021-10-08
volubilis|2022-09-01|668|626|272|false|321|404|551|784|815|475|130|368|474|416|878|true|331|true|353|true|863|378.8237423515185|false|false|false|false|399|180|true|false|false|true|vomica|337|956|434|448|2017-08-29
eos|2017-11-15|260|537|659|false|323|198|84|908|465|866|52|428|257|141|303|true|54|false|20|true|216|990.1918469179155|true|false|false|true|503|731|false|false|false|true|decor|501|586|274|42|2026-05-19
amplitudo|2024-09-28|791|201|806|false|965|516|624|117|784|273|632|105|820|395|950|false|453|false|24|false|240|235.66765800427115|true|false|true|true|141|97|true|true|false|true|turpis|99|943|718|908|2016-11-24
sufficio|2025-02-22|296|8|940|true|787|789|84|14|949|59|737|611|881|894|404|true|648|false|225|false|404|31.74795869594238|true|true|true|false|46|293|false|true|false|false|vesica|411|33|357|905|2020-07-08
alienus|2022-08-13|75|77|29|true|636|154|226|811|434|163|661|34|421|769|986|false|470|false|234|true|130|477.1965664173813|true|false|true|true|228|749|false|true|true|false|crustulum|380|66|193|535|2023-04-15
capto|2020-04-16|105|748|42|true|543|7|524|26|716|20|982|899|514|247|962|true|586|false|192|false|759|454.3405591750317|false|true|false|true|554|634|false|true|true|false|convoco|669|422|876|421|2020-09-02
amor|2016-10-08|446|365|164|true|943|435|223|51|876|599|382|109|490|80|617|false|994|false|574|false|240|777.6075130636153|true|true|true|true|508|595|true|false|false|false|adficio|423|102|993|300|2017-11-04
turpis|2023-01-18|777|942|272|false|687|758|437|699|471|521|318|34|312|13|478|false|38|true|965|true|588|348.26999624032584|false|false|false|true|751|576|false|true|true|false|totus|373|686|135|960|2016-08-02
alter|2025-10-12|968|409|743|true|764|386|702|362|465|763|123|333|268|462|540|true|37|false|204|true|582|640.5381227082537|false|true|true|true|615|423|true|true|true|false|carmen|341|752|397|764|2020-08-23
deserunt|2018-05-08|362|305|673|true|264|449|342|731|700|567|776|526|749|762|710|true|172|false|130|false|902|936.3646269781951|true|true|true|true|113|201|false|false|false|true|cornu|90|460|550|53|2018-10-12
soleo|2021-05-10|966|116|338|true|479|377|670|451|20|315|231|530|962|522|205|true|554|false|258|true|628|871.8103637729299|true|false|true|false|152|996|true|true|false|true|aequus|831|374|491|872|2019-09-13
vobis|2017-11-26|90|533|488|false|437|78|148|89|976|921|642|382|442|693|995|true|871|false|720|true|441|765.5700812605228|false|false|true|true|196|867|true|true|true|false|vereor|426|90|273|421|2023-07-03
voluntarius|2025-02-05|811|424|165|false|108|107|289|794|731|819|916|524|861|149|909|false|433|true|229|true|122|275.8600412426101|false|true|false|false|166|781|true|true|true|true|autus|275|586|64|905|2018-02-16
adsuesco|2022-07-15|419|219|842|true|336|615|489|888|507|910|961|432|4|438|141|true|575|true|64|true|480|585.5088128584466|false|false|false|true|499|497|false|false|true|false|crustulum|612|922|70|770|2021-10-10
animi|2017-04-16|320|424|960|true|395|44|836|187|771|764|315|403|776|882|318|false|316|true|950|false|75|507.94903514457144|true|false|false|false|788|629|false|false|false|true|clam|856|211|134|635|2019-11-11
ullus|2017-07-31|89|983|636|false|557|143|875|59|268|290|791|550|167|82|415|true|210|false|539|false|566|175.59183241163555|false|false|true|false|446|685|true|false|true|true|patruus|424|259|707|553|2022-08-03
una|2024-02-16|797|832|708|true|409|720|279|71|171|678|244|591|379|874|803|false|558|true|924|false|761|323.92507215895296|false|false|true|true|728|475|false|false|false|true|angustus|391|874|199|278|2022-05-22
certe|2022-08-24|267|238|589|false|876|822|980|868|559|994|424|117|604|446|665|false|409|false|800|true|367|235.63592013594447|false|false|false|true|930|804|false|false|true|true|caute|846|451|600|653|2026-04-18
truculenter|2020-08-08|471|663|179|false|701|547|167|976|104|926|350|789|313|700|569|false|116|true|550|true|218|77.94456819831042|false|true|true|true|390|883|true|false|true|false|veritas|886|897|836|677|2022-04-11
communis|2024-01-22|391|674|664|true|574|711|1000|194|712|983|95|698|660|548|637|true|700|false|1|true|443|641.372995598058|false|false|false|false|238|240|true|true|true|true|vindico|624|706|312|854|2017-04-17
tametsi|2020-06-28|607|230|363|true|232|691|478|272|157|28|191|907|214|882|607|false|2|false|532|true|44|662.9787955918863|false|false|true|true|761|907|true|true|true|false|toties|119|872|554|404|2016-10-31
vitae|2019-01-14|616|456|932|true|364|137|818|611|42|887|644|383|80|417|72|false|527|true|34|false|322|569.6178055978858|false|true|true|false|365|174|false|true|true|false|sortitus|194|326|159|382|2017-05-27
amissio|2020-04-30|790|794|655|true|428|999|204|225|329|267|837|383|570|47|775|true|870|true|828|false|548|66.48390935153714|true|true|true|false|226|886|false|false|false|false|volubilis|731|411|169|277|2022-10-18
eveniet|2024-11-23|116|690|599|false|571|477|554|1000|918|640|852|477|5|954|719|false|635|false|845|false|497|690.4424481341467|false|false|true|true|816|772|true|true|false|false|stips|378|734|81|119|2018-03-16
omnis|2021-08-10|777|454|961|true|514|417|228|149|28|465|764|321|728|727|377|false|273|true|482|false|503|414.95433484134423|false|false|true|false|670|727|true|false|false|true|vomer|369|80|24|623|2022-04-16
conitor|2022-11-19|995|234|771|false|734|192|416|577|413|351|385|686|643|627|740|false|74|false|362|true|641|557.4878065000371|true|false|false|false|207|891|false|false|true|true|audeo|480|923|669|173|2022-03-24
audacia|2018-12-02|597|370|454|false|237|12|528|250|529|168|644|625|814|696|418|false|424|false|675|false|657|302.02255974902783|false|false|false|true|308|600|false|true|true|false|delego|691|200|576|262|2022-09-29
quia|2021-12-08|832|194|852|true|717|165|935|784|537|513|623|824|717|50|769|true|283|true|265|false|70|550.4671278656826|false|true|false|true|772|757|true|false|true|true|tutamen|695|433|279|141|2019-08-25
curvo|2023-06-19|577|782|577|true|786|774|937|817|907|506|28|197|691|133|315|true|820|true|484|false|343|739.6937314387559|false|false|false|true|725|784|true|true|false|true|vigilo|106|208|486|674|2017-11-10
vaco|2017-11-18|737|629|643|false|450|412|474|195|967|3|671|799|173|646|309|true|932|true|701|false|61|605.3137172997815|true|false|true|true|129|828|true|true|false|false|spero|533|8|377|698|2017-10-08
contra|2018-02-02|37|249|818|true|190|484|229|973|791|47|653|407|436|23|603|false|56|true|32|false|618|717.8718626021112|true|false|true|true|222|50|true|false|true|true|benevolentia|671|216|157|658|2018-09-05
velociter|2024-07-17|732|660|122|false|866|674|608|458|876|130|810|523|859|54|500|true|535|true|860|true|861|106.33879698165627|true|false|false|false|25|478|true|false|true|true|angelus|409|436|835|211|2023-01-26
concedo|2024-01-16|915|54|984|true|953|377|670|478|149|517|957|537|220|417|503|true|255|false|5|true|519|359.5065940030759|false|false|false|true|254|571|true|true|true|true|aufero|993|518|785|15|2022-09-13
cogo|2022-04-14|586|349|608|true|762|6|630|689|43|529|520|345|654|525|15|false|712|false|432|true|649|587.5238257133076|true|false|true|true|978|875|true|true|false|false|laborum|469|953|984|30|2018-08-13
nostrum|2020-05-24|653|650|528|true|642|730|759|934|439|546|273|930|618|479|61|true|54|true|189|true|993|472.6965690738355|true|false|true|false|145|514|false|false|false|false|uberrime|248|150|330|662|2019-09-21
contigo|2026-03-12|525|992|739|false|812|314|990|209|63|657|162|119|362|919|869|false|525|false|887|false|799|563.5544701663703|false|false|true|true|863|862|false|true|true|false|vulnus|717|716|23|90|2020-03-30
timor|2016-07-30|666|277|67|true|25|992|306|578|994|661|335|680|90|932|707|true|822|true|832|true|110|620.0889468467446|false|false|false|true|138|309|false|false|true|true|combibo|0|368|838|0|2022-01-08
tantum|2023-01-30|980|565|837|false|781|692|159|499|714|622|284|750|873|673|563|false|821|true|320|true|314|367.96477618534317|true|true|true|true|980|511|false|true|true|false|curia|101|545|817|272|2022-04-13
cubo|2016-12-03|513|108|911|false|755|720|588|871|895|355|567|507|424|77|110|false|772|true|218|true|785|340.84681326775245|true|false|false|false|460|349|true|false|true|true|cruentus|743|363|805|263|2019-12-04
aqua|2019-05-30|665|266|546|true|349|35|787|457|436|544|805|973|499|385|704|true|711|false|427|false|430|799.3634607212446|true|true|false|true|689|132|false|false|false|true|cotidie|688|408|628|39|2018-11-30
conscendo|2018-12-17|344|109|685|true|866|764|574|935|960|487|479|114|277|879|836|true|356|true|186|false|487|176.73061703253967|true|false|true|true|857|125|false|true|true|true|vesper|287|281|760|381|2026-01-16
coepi|2018-07-28|842|483|550|false|85|473|99|767|269|689|372|773|230|498|727|false|465|true|43|false|701|47.97825599600836|true|false|false|true|835|23|false|true|false|true|perspiciatis|83|489|234|446|2019-09-16
abstergo|2025-11-15|382|46|874|false|393|580|110|748|16|624|903|91|25|875|969|false|14|false|431|false|341|960.9882503276796|false|false|true|true|533|530|false|true|true|false|sufficio|42|419|519|80|2024-05-18
audacia|2023-11-19|739|3|414|false|189|451|445|581|142|992|54|566|358|686|194|true|347|true|367|false|411|569.1967386902683|true|false|true|false|193|414|true|false|true|false|solio|130|549|355|54|2019-09-29
theatrum|2017-10-28|826|970|554|true|94|172|387|462|800|120|945|560|793|244|455|true|288|false|766|true|1000|288.9907149888895|false|false|true|true|706|911|true|true|true|false|conqueror|777|291|296|664|2024-12-02
beatae|2024-07-26|171|266|193|true|308|45|323|489|675|146|196|719|459|609|894|true|28|false|341|false|300|483.1509090146654|false|false|false|false|886|670|true|false|false|true|alioqui|362|681|333|789|2022-07-05
sumo|2019-01-28|925|633|935|false|2|705|415|602|756|117|968|3|143|240|273|true|595|false|731|true|604|870.3662615022162|true|false|true|false|73|215|true|false|false|true|adeo|925|931|697|237|2025-10-12
benevolentia|2016-08-30|87|959|924|false|643|303|193|892|67|582|271|84|942|659|900|true|76|false|122|false|989|757.8231349496533|false|false|true|true|7|790|true|true|false|true|contra|154|857|327|179|2022-11-16
bardus|2021-08-14|190|587|422|false|648|403|750|134|861|764|95|779|798|485|581|false|209|false|442|false|198|349.4104255621419|true|false|true|true|272|169|false|false|true|true|sub|949|770|768|119|2018-03-15
thema|2020-06-04|247|274|150|true|900|551|931|382|573|975|565|107|96|246|688|true|729|true|191|false|219|470.599867589424|false|false|true|true|268|464|false|true|true|true|delectus|53|904|681|802|2023-08-05
caelum|2022-03-05|525|661|136|true|318|39|143|689|312|881|54|260|674|942|748|false|228|true|384|true|363|903.5760509381083|false|false|false|true|89|299|false|false|true|false|dignissimos|260|124|893|942|2019-04-11
surculus|2018-08-08|97|304|641|true|117|589|362|329|916|152|764|411|488|428|811|true|749|false|402|true|865|343.4716512268956|false|true|false|true|302|593|true|true|true|false|autem|841|191|915|76|2018-07-09
cornu|2022-10-29|103|459|219|false|692|518|836|348|109|459|863|789|740|326|101|true|689|true|133|true|87|860.17441667845|false|false|true|false|400|219|false|true|false|true|tui|326|644|372|476|2018-03-11
terra|2025-12-11|376|780|308|true|265|252|304|50|921|16|375|333|577|186|107|false|328|false|488|false|409|206.24762020994237|true|false|false|true|289|375|false|true|true|true|cattus|270|2|503|575|2025-12-14
tero|2020-08-06|874|650|339|false|91|326|922|188|67|514|426|948|936|388|916|true|723|true|447|false|498|799.8561614819478|true|true|true|true|807|325|true|true|true|false|dolorum|821|177|304|809|2017-05-27
amaritudo|2025-10-17|160|157|233|false|928|392|648|913|25|339|182|793|994|68|899|false|524|true|35|true|917|314.8372189795978|true|false|false|false|564|428|false|false|false|true|crastinus|189|791|909|256|2018-04-27
summa|2026-03-07|761|842|704|true|662|490|704|646|140|190|363|954|189|668|767|true|991|true|696|false|777|486.8864450631827|false|true|true|true|393|695|true|false|false|true|cultellus|959|383|926|442|2021-01-15
esse|2021-02-02|35|796|183|true|709|500|42|300|398|230|68|477|159|541|46|true|785|false|193|false|830|680.8633041432157|false|false|false|true|635|966|true|true|true|false|vorago|384|437|723|945|2026-04-12
ultio|2023-11-01|753|518|476|true|727|379|201|901|791|161|95|517|228|250|835|true|199|true|506|true|914|182.79510041365066|true|true|false|true|840|148|true|false|true|false|creo|94|78|155|863|2020-01-08
conspergo|2023-10-04|983|331|227|false|439|633|153|5|232|551|90|504|367|936|794|true|617|true|733|false|68|471.4448376134125|true|false|false|true|367|438|false|false|true|true|quidem|439|711|640|354|2022-12-24
umbra|2020-04-16|679|268|69|true|446|459|263|2|231|60|312|497|387|36|215|false|90|false|228|true|76|603.893982074787|false|true|true|true|415|773|false|true|true|true|velut|735|11|821|271|2016-12-24
celebrer|2017-09-18|486|784|859|true|593|292|780|774|241|162|514|740|808|605|712|false|943|false|500|true|669|599.5167787242331|false|true|false|true|547|848|true|false|true|true|stillicidium|283|383|869|655|2023-08-19
sperno|2018-03-01|142|534|379|true|343|543|454|693|249|211|288|249|273|310|968|false|678|false|932|false|30|451.2500940786779|true|false|true|true|887|130|false|false|true|false|crux|991|397|238|7|2026-07-06
pectus|2018-10-21|975|702|480|false|457|219|836|918|716|457|942|365|707|610|1|true|84|true|358|true|476|568.1016426607376|true|false|true|false|523|1000|false|false|false|true|veritas|58|125|205|896|2016-11-08
bos|2019-08-14|418|383|893|false|817|487|254|117|260|371|214|37|579|68|485|true|838|true|283|true|421|759.937342290436|true|false|false|false|96|366|false|false|false|true|amoveo|981|321|364|753|2017-03-12
earum|2017-07-11|722|346|325|false|962|194|363|759|603|74|792|589|645|816|168|true|448|false|571|true|599|47.189017551876546|true|true|true|false|957|233|false|true|true|true|aureus|998|696|859|919|2023-10-08
voluptates|2020-07-08|73|424|983|true|228|667|949|216|530|2|898|975|494|526|277|false|421|true|53|false|845|632.0886464075813|false|false|true|true|568|144|true|false|true|true|adnuo|808|780|326|249|2020-12-12
laboriosam|2021-02-03|46|35|925|false|411|391|987|707|905|3|967|213|958|111|154|false|701|true|236|true|818|92.526127244833|false|false|true|true|662|473|true|true|false|false|mollitia|428|577|573|684|2025-05-25
suffoco|2018-03-29|625|718|721|true|330|34|16|273|243|774|457|191|139|587|917|true|292|true|67|false|381|313.1591272342341|false|true|true|false|915|819|true|true|true|true|cauda|127|158|864|234|2022-12-16
tremo|2022-03-03|472|710|575|true|859|519|790|656|680|159|564|28|946|232|574|true|378|true|372|true|505|621.3878862368738|true|true|true|false|764|538|true|false|true|false|aegrotatio|219|589|404|548|2017-10-22
theologus|2022-12-25|283|736|95|false|123|654|977|479|523|258|535|474|473|433|812|true|209|false|180|false|996|787.4158243366359|false|true|false|false|788|835|false|false|true|true|argumentum|502|987|713|893|2018-08-19
vilitas|2023-10-13|329|317|201|false|170|485|759|945|942|186|576|983|951|412|693|false|433|false|24|true|300|878.8790881621616|false|false|true|false|417|213|false|false|true|true|et|273|844|878|468|2021-07-09
at|2022-01-06|730|932|457|false|365|215|375|270|753|982|298|948|948|512|200|true|424|false|864|false|923|219.6590528410628|false|false|true|false|777|198|true|false|true|false|vigilo|822|59|814|119|2019-02-25
ducimus|2025-02-20|534|444|649|false|163|706|584|219|378|143|991|386|306|678|78|false|218|false|759|false|957|119.73643829720527|true|false|true|false|459|136|true|false|false|false|crepusculum|387|495|890|649|2019-01-14
adsuesco|2018-06-06|865|688|94|false|196|802|262|975|144|120|163|315|963|746|22|false|235|false|607|false|840|709.0192569633987|true|true|true|true|943|264|false|true|true|false|solvo|249|206|987|641|2025-05-24
adfero|2023-11-15|253|633|233|true|214|149|351|808|94|900|148|437|993|676|566|false|661|false|997|true|73|257.56523912744456|false|false|true|false|935|776|true|false|true|true|adhaero|922|141|591|466|2019-01-30
abbas|2018-12-29|303|830|509|false|117|662|243|353|304|296|202|633|398|794|941|false|341|true|530|true|26|473.7461853172008|false|false|true|false|64|772|true|true|false|false|voro|453|789|459|583|2022-03-19
spero|2021-09-09|341|860|266|false|509|368|809|3|681|606|70|148|598|475|735|true|292|false|22|false|452|911.111954540978|true|false|false|true|203|432|true|false|true|true|accusator|145|762|60|980|2024-01-13
depono|2020-02-04|229|218|705|true|786|698|501|274|561|645|448|244|248|556|54|true|37|false|223|true|628|800.6850515140318|true|true|true|false|928|460|true|true|false|true|terebro|175|72|368|426|2018-11-25
aer|2026-01-27|782|920|620|false|791|224|563|204|758|111|129|597|554|808|543|false|768|false|93|false|829|594.7385913329438|false|true|false|false|589|354|true|false|false|true|correptius|540|792|373|859|2018-01-31
adsum|2026-04-10|482|482|771|false|455|908|641|483|92|11|398|198|877|549|490|false|409|true|575|false|287|727.6336193441812|true|true|false|true|20|139|false|false|true|true|reiciendis|982|437|180|6|2024-01-25
tactus|2026-06-15|127|943|261|true|783|425|85|885|223|637|844|165|610|378|329|true|22|false|651|false|855|574.2486451335619|false|false|true|false|200|281|false|false|true|true|tibi|445|244|749|875|2025-05-15
colligo|2021-02-26|583|422|884|false|672|756|369|645|470|548|345|472|514|775|755|true|463|false|119|true|88|437.91979334986206|true|true|true|true|466|873|false|false|false|false|blanditiis|629|750|25|17|2024-05-31
copia|2022-11-05|828|510|664|false|832|282|101|625|73|631|840|430|777|657|204|false|136|true|41|false|948|166.41835754604918|false|true|false|false|97|40|false|true|true|false|coniecto|239|281|837|258|2018-09-26
caries|2017-01-21|569|299|107|true|67|3|316|438|622|103|351|538|13|300|578|true|808|true|457|true|683|749.9582340055327|true|false|true|true|427|463|false|false|false|false|supellex|295|526|814|64|2020-12-29
contigo|2019-01-12|546|880|169|true|358|881|470|955|859|257|990|217|894|403|937|false|652|true|688|true|778|219.1344151177925|false|false|false|false|656|399|true|true|true|true|virtus|181|469|590|76|2024-07-12
copiose|2018-12-04|523|187|898|false|109|304|406|417|611|562|535|418|263|617|82|false|924|false|287|false|614|242.72695460446081|true|false|true|false|535|794|true|true|false|true|tum|490|157|249|27|2022-05-22
synagoga|2019-01-28|180|22|20|false|4|755|86|549|515|983|163|823|838|826|521|true|911|false|593|false|918|115.27357806308991|true|true|false|true|617|32|true|false|false|false|annus|653|859|818|517|2018-08-01
solium|2022-11-09|384|368|426|false|729|305|599|854|22|7|514|510|791|332|826|false|822|false|697|true|623|320.4166253439762|false|true|true|true|983|916|false|true|true|true|via|500|596|804|196|2018-10-19
derideo|2022-03-25|123|921|566|true|717|240|323|939|392|949|299|297|937|442|239|true|523|true|806|true|205|121.96823395705903|true|false|true|false|65|870|true|false|true|false|deprimo|643|574|739|55|2024-08-19
coniuratio|2017-06-17|458|519|176|false|580|666|831|640|833|286|43|23|868|877|358|false|949|true|746|false|732|886.6641167160464|false|true|false|false|913|76|false|false|true|true|arcus|526|340|648|306|2018-07-08
aliqua|2018-05-30|27|199|90|false|605|653|695|263|276|509|723|81|377|935|266|false|89|false|579|true|540|839.1985593314422|false|true|true|true|35|87|true|false|true|false|curriculum|967|217|887|844|2021-03-30
defessus|2025-03-24|950|55|6|false|302|30|961|284|948|5|740|745|718|626|686|true|387|false|125|true|953|18.766330768724583|false|true|false|false|427|44|false|true|false|true|ocer|418|498|564|872|2018-11-21
statua|2021-03-17|94|336|504|false|938|179|318|307|295|858|809|327|685|37|463|false|780|false|646|true|345|918.3323673820782|false|true|true|true|719|376|true|false|false|true|balbus|116|724|74|712|2016-12-25
alii|2021-03-20|928|663|956|true|952|142|154|864|983|139|659|882|263|718|755|true|583|true|958|false|204|102.27779764486166|false|true|false|true|896|327|false|false|true|false|abundans|367|493|219|960|2022-10-18
ter|2018-02-27|43|190|888|false|11|445|522|127|109|382|369|621|663|862|213|true|25|false|958|false|848|941.0643227588195|true|true|false|false|588|939|false|true|false|false|comprehendo|767|807|518|109|2021-11-17
cuppedia|2026-06-14|132|749|939|true|251|990|727|204|455|210|221|840|216|809|492|false|260|false|166|false|850|969.0852453360895|false|true|true|true|8|232|false|false|false|false|sortitus|386|502|1|739|2026-05-13
incidunt|2021-10-17|306|633|928|false|895|291|660|532|779|10|212|586|948|750|978|false|787|true|501|false|720|258.15664622368183|false|true|false|true|188|117|false|false|true|true|tibi|13|728|225|195|2018-08-16
vociferor|2024-07-23|10|24|202|false|426|197|399|773|641|105|642|424|574|315|981|true|746|false|901|false|309|425.38719535136073|true|false|false|true|548|303|true|true|true|true|adimpleo|733|406|27|667|2022-04-16
subnecto|2023-08-22|732|781|14|false|713|315|837|524|366|742|717|974|168|897|278|true|698|false|713|true|935|347.610717474989|false|false|true|false|294|980|true|true|false|false|subnecto|683|469|146|678|2020-06-10
facere|2020-12-01|717|860|810|false|193|620|349|33|201|126|353|875|513|140|415|false|146|false|551|true|286|197.47918540249321|true|false|false|true|337|478|true|true|false|true|arcesso|280|198|289|368|2024-09-07
strues|2018-05-31|664|241|658|false|92|605|58|265|976|753|382|673|89|616|436|false|719|true|219|false|301|629.2460518473772|false|true|true|false|841|772|true|true|true|false|cibus|211|604|324|165|2023-11-25
ver|2025-11-30|708|672|190|true|251|799|545|658|263|878|462|439|550|177|215|true|861|true|458|true|578|264.4959304118829|true|true|true|false|103|986|false|true|true|false|ulterius|251|591|246|626|2020-09-20
tenuis|2020-02-28|355|373|971|true|758|958|149|458|821|114|492|685|772|647|857|false|629|false|271|true|706|277.16383764670906|false|false|true|false|428|122|false|false|false|false|tricesimus|165|890|323|701|2021-07-28
caste|2023-10-20|285|918|245|true|175|737|524|598|296|739|621|626|365|353|794|false|982|false|136|false|105|52.56556763327613|true|false|true|true|255|595|true|false|true|false|solium|413|377|702|584|2016-10-16
contigo|2023-11-08|828|350|671|false|377|564|347|457|12|485|616|766|149|44|71|false|128|true|834|false|897|190.4007663802232|true|true|false|true|513|200|false|false|true|true|alias|644|145|652|667|2018-07-10
astrum|2025-01-17|493|977|283|false|963|455|615|13|677|750|843|649|885|860|199|false|106|true|125|true|60|707.3408265461258|false|false|true|false|11|706|true|false|true|true|caritas|79|959|599|589|2021-12-28
temporibus|2020-03-26|7|671|870|true|549|906|313|632|797|474|535|819|880|2|37|true|229|false|466|false|727|838.4352632793483|true|false|false|true|481|397|false|false|false|true|utique|433|462|761|965|2018-04-17
tergeo|2019-11-10|656|206|797|true|953|338|213|697|655|48|850|719|328|311|99|false|226|true|231|true|757|927.695948959934|true|true|true|true|631|248|true|false|true|false|casso|149|833|850|120|2017-10-12
ventito|2017-02-09|518|637|957|true|839|239|321|686|871|774|562|740|462|78|382|true|107|true|784|true|613|802.9424735989159|true|false|true|true|128|467|true|true|true|true|vigor|507|655|90|526|2023-06-24
sollicito|2021-01-30|13|366|878|false|626|985|6|665|64|80|58|525|156|680|538|false|229|false|179|false|662|894.0648150226202|true|true|false|true|54|916|true|false|true|false|patruus|764|513|685|60|2022-09-15
cui|2023-08-08|307|307|239|true|857|174|919|521|845|184|641|7|999|213|735|true|635|false|752|true|892|724.7020958934348|true|true|true|false|887|727|true|true|false|false|ustilo|570|7|52|510|2017-12-23
tredecim|2019-06-23|811|847|602|false|686|118|85|680|594|335|822|303|658|768|19|true|1000|true|553|false|182|811.3254475384371|false|false|false|true|55|864|true|false|true|false|aperio|555|35|953|740|2024-05-20
venustas|2017-07-01|718|869|128|true|368|631|232|67|932|644|531|557|221|662|983|false|451|true|587|true|267|348.2661773184691|true|false|false|false|167|481|false|true|true|false|urbs|833|71|264|175|2018-01-04
ultio|2023-12-20|472|352|81|true|747|678|472|402|344|658|32|753|441|460|894|false|232|false|668|true|196|920.9980990322406|true|true|false|true|817|351|false|false|false|false|appositus|370|974|931|249|2025-12-17
umquam|2019-11-18|929|942|141|true|383|664|509|871|704|390|936|597|750|723|673|false|650|true|422|true|809|927.0749220792466|false|false|false|true|527|506|true|false|true|true|calculus|104|812|789|84|2016-09-28
inventore|2019-06-15|733|737|711|false|464|195|515|40|122|39|373|542|231|461|708|false|371|true|23|false|53|211.80398104569142|true|true|true|false|933|162|false|true|false|false|vigilo|143|916|427|131|2024-12-21
expedita|2020-02-23|859|202|3|false|160|144|372|92|655|549|471|474|509|346|52|false|390|true|136|false|790|621.3116505096232|true|false|false|false|761|120|true|true|true|true|teneo|938|628|458|997|2024-09-04
comprehendo|2020-01-28|1|946|245|true|45|684|900|702|513|537|876|319|148|628|939|false|595|false|196|true|99|176.91871976335128|false|false|false|false|237|822|true|false|false|true|laboriosam|304|82|347|376|2020-03-27
alias|2020-05-28|596|754|910|false|576|706|959|574|626|961|120|546|139|107|314|false|902|true|508|true|812|574.5189278972391|true|true|false|true|495|638|true|true|false|true|conatus|181|535|737|483|2025-09-02
capitulus|2024-09-10|764|237|654|false|106|30|122|395|394|185|552|565|356|695|309|true|222|true|837|false|569|64.11097793892229|true|true|true|false|531|387|true|false|false|false|maxime|778|232|53|596|2023-12-20
thymum|2025-11-22|142|145|350|false|369|174|937|290|675|166|397|729|19|379|731|true|306|false|908|true|42|749.9072978816442|true|true|false|true|773|291|false|true|false|false|tepesco|485|141|586|660|2020-05-18
textor|2020-04-09|775|777|884|true|855|996|926|865|146|600|690|375|541|295|718|false|75|false|758|false|108|482.20907922287756|true|true|false|false|235|798|true|false|true|false|cupiditas|827|965|462|139|2017-04-01
cedo|2022-07-25|560|653|106|false|619|118|206|481|167|735|177|877|79|417|963|true|217|true|283|true|76|33.95526559981654|true|false|false|false|712|678|false|false|true|false|eveniet|284|30|444|385|2018-02-20
dens|2016-11-25|721|879|826|false|635|118|262|103|503|750|10|202|810|685|648|false|792|true|300|true|960|63.83221838224185|false|false|false|true|320|580|false|true|true|false|dolores|839|295|495|523|2024-09-17
celo|2018-11-08|206|188|678|true|400|504|757|567|35|726|317|45|662|259|829|true|996|false|298|true|60|97.1590512268089|false|false|true|false|725|755|true|false|false|false|canis|256|705|667|970|2025-02-06
patruus|2021-06-03|498|762|932|false|878|216|573|98|881|901|421|474|255|718|339|true|732|true|746|true|329|715.4173812905295|true|false|true|true|497|135|false|true|false|true|carpo|253|505|728|532|2018-08-28
auctor|2019-07-23|681|239|444|true|755|677|762|739|506|136|723|143|818|61|805|false|429|true|315|true|900|883.8032827862393|false|true|true|true|274|201|false|false|true|true|suspendo|545|797|440|187|2019-11-29
benigne|2023-08-18|656|542|420|false|302|211|434|367|527|254|572|815|556|385|504|false|195|true|671|true|708|737.9247616078045|false|false|false|false|360|302|true|false|false|false|contabesco|762|87|831|90|2022-12-26
voluptatum|2024-02-12|967|304|785|false|152|788|653|939|414|907|931|689|215|597|690|false|449|true|588|true|454|71.02667593966028|true|false|true|true|970|144|true|true|false|true|deludo|912|420|641|88|2021-05-15
patior|2018-08-30|563|803|186|false|826|120|222|753|639|539|464|342|482|246|685|false|937|false|656|true|227|907.7728360409798|false|false|true|true|536|746|false|false|true|false|sequi|238|303|635|29|2016-09-08
angustus|2017-01-18|543|70|774|true|438|699|853|809|764|935|155|503|418|661|116|false|750|true|191|false|250|214.97662825877694|false|true|false|true|193|469|false|true|true|true|traho|597|32|324|548|2026-01-12
calcar|2026-01-27|360|576|354|false|848|383|456|683|346|570|121|11|683|439|393|false|337|false|849|true|888|182.73266758332352|false|false|false|true|702|845|true|true|true|true|cupio|427|742|30|206|2023-02-24
corona|2019-11-13|587|694|476|false|892|898|902|217|31|682|424|896|88|572|427|false|917|true|970|false|443|78.58703824173708|true|true|true|true|130|872|false|false|true|false|vis|4|966|338|965|2017-02-08
tubineus|2017-09-24|752|428|956|false|693|928|43|875|650|638|92|715|481|119|940|false|643|false|383|true|330|213.39450313876063|true|false|true|true|839|885|false|true|false|true|ulciscor|520|99|937|43|2025-06-08
sufficio|2022-06-25|535|348|619|false|421|114|520|388|364|268|367|149|269|366|218|false|433|true|628|true|77|820.6740010416612|false|true|false|true|458|267|true|false|true|false|theatrum|721|872|482|792|2023-01-29
calco|2024-10-22|915|51|388|true|110|906|662|952|874|436|860|753|148|597|935|true|711|false|305|true|769|370.0708169498327|false|false|true|true|10|222|false|true|true|true|molestiae|57|553|659|497|2025-01-15
substantia|2020-07-30|748|108|834|false|193|563|237|239|158|192|844|22|375|851|807|false|539|true|49|false|521|517.4905756572487|false|false|true|false|558|58|true|true|true|true|tenetur|868|278|624|158|2017-05-23
titulus|2024-10-24|484|71|503|true|3|299|214|163|65|976|909|890|175|152|269|false|751|false|237|false|913|937.2297980304295|false|false|true|false|743|404|false|true|true|true|catena|849|410|391|753|2025-07-27
tenetur|2023-08-21|937|887|183|false|296|638|698|579|171|452|918|835|558|723|44|false|104|false|951|true|659|118.41928715931915|true|false|true|true|879|257|false|false|true|true|solium|348|989|564|175|2021-11-24
utroque|2021-07-07|89|411|232|false|76|689|293|156|774|899|230|416|5|828|546|false|566|false|335|true|464|273.16302812998947|false|false|true|true|926|312|true|true|false|false|victoria|538|408|411|240|2019-11-22
socius|2024-10-26|551|391|346|true|48|832|292|634|393|899|853|629|609|658|318|false|27|false|298|false|399|352.45538104064553|false|false|false|true|607|278|false|false|true|false|vilis|381|715|823|110|2022-10-18
curis|2025-12-08|980|889|573|false|719|880|923|726|563|365|18|405|581|26|141|true|10|true|438|false|190|232.2835836107645|false|true|false|false|151|971|false|false|false|true|comprehendo|150|432|733|188|2026-03-24
vulgivagus|2020-10-22|629|334|656|true|788|306|358|446|822|225|575|137|655|235|539|false|206|false|410|false|386|368.64021203446094|false|false|true|false|172|177|false|false|true|false|sapiente|793|458|998|586|2025-12-06
deleo|2023-02-16|7|810|381|false|456|754|923|549|922|173|624|754|656|570|627|false|67|true|33|false|844|853.6391340008705|false|false|false|true|750|793|false|true|true|true|infit|753|793|106|446|2018-03-06
aranea|2017-09-12|682|522|68|false|856|375|158|311|786|127|96|834|445|901|31|false|822|false|600|false|746|636.3713926340632|true|true|false|false|861|97|true|true|true|true|dolorum|667|358|29|974|2020-05-12
dens|2023-05-29|290|319|934|false|616|828|576|14|321|983|9|453|66|219|710|false|381|true|341|false|818|63.988047781104676|true|true|false|true|994|214|false|false|true|true|paens|684|967|472|495|2019-02-05
caries|2017-08-12|465|561|326|false|515|397|795|645|537|261|28|175|107|755|33|false|112|false|471|true|151|412.6178274632494|true|false|false|false|409|428|true|true|true|true|impedit|246|201|71|475|2025-07-23
coerceo|2021-11-22|328|295|538|false|303|33|951|387|335|932|477|512|286|255|966|true|994|false|54|false|816|799.9046962220744|false|true|true|false|564|117|true|false|true|false|umerus|30|21|317|857|2026-04-27
cruentus|2020-07-08|710|663|569|false|421|124|470|284|358|258|544|464|569|252|700|false|0|false|738|true|708|254.18420695222278|false|false|true|false|990|289|true|false|true|true|amissio|961|937|774|429|2017-05-30
urbanus|2024-04-05|736|857|903|true|291|95|171|144|334|483|655|708|595|702|399|false|381|false|144|true|628|117.36132240345908|true|false|true|true|179|794|false|true|true|false|admoneo|954|450|889|211|2023-06-19
tolero|2018-02-13|637|986|670|true|747|754|747|771|847|959|262|655|88|528|964|true|471|true|31|true|572|402.19011533203974|false|false|true|false|84|142|true|true|true|false|centum|456|181|405|4|2025-11-16
aliquid|2022-12-08|635|788|627|true|975|825|533|61|770|761|878|115|153|426|940|true|639|true|475|false|782|958.0232588639556|true|true|true|true|285|779|false|true|true|false|crastinus|933|126|122|214|2017-05-07
temeritas|2021-05-29|148|796|674|false|180|99|219|213|585|911|149|398|125|108|742|false|475|false|605|true|669|627.6757826272973|false|false|true|false|680|537|true|true|true|false|textor|803|485|946|495|2026-02-08
iste|2024-11-17|715|630|22|true|88|283|742|408|124|324|813|601|131|561|212|true|628|false|73|false|216|141.21277389941324|false|false|true|false|885|377|true|true|false|false|alienus|148|563|452|923|2017-02-20
collum|2018-07-04|458|94|141|false|497|943|241|936|391|174|114|893|328|729|504|false|748|false|202|false|826|684.7566390829022|false|true|true|false|878|391|false|false|true|true|dedico|592|511|308|460|2018-08-17
viridis|2018-03-17|137|180|986|true|757|416|602|148|316|267|678|965|947|947|795|false|633|false|400|false|302|302.7455651892468|true|false|false|true|885|808|false|true|true|false|stips|695|170|645|71|2025-05-06
talis|2020-04-14|843|28|700|false|689|186|550|448|465|217|497|870|972|962|390|false|966|false|392|true|738|266.87899823168914|false|true|true|false|152|879|false|false|false|true|temperantia|164|266|648|27|2017-08-18
tolero|2017-07-11|388|990|191|false|914|299|491|486|580|865|939|14|951|470|536|true|817|false|883|false|939|255.20546798552323|true|true|true|true|969|270|false|false|false|true|cimentarius|210|295|80|640|2025-09-03
speciosus|2020-07-30|256|343|959|true|300|547|446|392|24|869|238|183|321|462|666|true|849|true|363|false|514|671.2052036347837|false|true|true|true|727|642|false|true|false|false|tandem|677|200|671|515|2026-02-01
tero|2021-01-09|76|290|666|true|533|867|438|554|908|4|188|598|810|927|149|true|187|true|699|false|507|533.3345858450098|false|true|false|false|276|43|true|false|false|false|solio|453|165|126|2|2021-10-28
votum|2026-06-03|992|219|677|true|73|581|60|493|623|392|374|726|260|928|567|false|500|true|983|true|741|694.7301745350507|false|false|false|false|6|938|false|false|true|false|tergiversatio|157|181|332|650|2017-06-10
tabesco|2024-08-28|875|123|567|false|694|878|478|982|398|284|331|94|110|352|431|true|903|true|6|false|664|316.19844631237623|true|false|true|false|883|407|false|true|false|false|stabilis|718|615|441|404|2019-07-26
amo|2018-12-26|248|787|595|true|343|787|613|361|5|368|188|166|268|18|763|true|681|true|233|false|855|588.3533555263887|true|true|true|true|655|600|false|true|false|true|at|701|681|422|710|2019-05-15
varius|2021-12-12|159|332|103|false|907|37|460|410|85|159|626|975|547|834|472|true|140|false|701|true|837|354.6631638881641|false|false|false|false|716|464|true|false|false|false|adhaero|765|909|911|103|2018-07-01
vix|2023-05-12|287|481|230|false|563|565|118|686|688|372|452|281|648|533|708|false|78|false|494|false|598|868.1358626868345|true|false|false|false|627|803|true|true|false|true|arto|920|873|163|214|2017-10-22
temeritas|2023-07-30|272|521|161|false|615|215|535|90|676|733|417|888|497|173|906|false|1000|true|400|true|447|228.7581106600952|true|true|false|false|12|706|false|true|true|false|delinquo|262|235|467|626|2022-06-17
stabilis|2022-10-06|223|51|174|false|492|983|760|482|858|789|764|684|150|167|926|true|678|true|808|false|280|135.23942558359502|false|true|true|false|373|222|false|true|true|false|decerno|660|509|968|311|2021-10-21
deorsum|2017-05-10|332|360|571|true|350|833|523|549|692|98|739|280|152|459|902|true|346|true|392|true|617|762.2182723466254|true|false|true|false|917|823|true|true|true|true|umbra|440|902|242|271|2025-09-24
vigilo|2020-10-09|701|829|980|false|991|109|783|361|656|408|655|596|568|705|936|false|411|true|88|true|755|975.658254343012|false|true|false|true|668|481|true|true|false|false|vestrum|101|775|864|101|2021-05-13
anser|2025-03-08|58|792|328|true|509|689|157|42|196|587|46|544|886|513|405|true|185|false|231|false|989|514.5476588405254|false|false|true|true|121|504|true|false|false|true|absum|357|547|880|639|2017-04-08
decens|2024-01-29|476|163|118|true|317|1|869|48|419|883|356|14|263|3|320|false|165|true|260|false|733|38.76414001918993|true|true|false|true|262|247|false|true|false|false|corrumpo|348|977|403|241|2022-05-30
tergum|2022-08-21|776|341|65|false|452|0|78|188|215|330|277|559|131|526|744|false|647|false|574|true|375|940.1399766392153|true|false|true|true|406|496|true|true|false|false|bis|585|101|445|946|2025-03-05
damno|2019-01-06|78|695|765|false|384|299|15|805|205|66|586|232|180|142|808|false|482|true|298|false|834|61.91701466459298|false|false|true|true|872|325|false|false|true|false|cinis|855|463|537|836|2025-04-30
balbus|2019-10-13|983|352|239|true|269|874|632|204|1|551|147|348|152|727|771|true|118|true|453|false|344|609.3314640898839|true|false|true|true|299|806|false|true|true|true|conculco|848|328|984|166|2023-09-25
terreo|2021-08-03|101|909|329|true|203|697|332|915|875|113|507|296|90|189|486|false|291|false|56|false|915|654.6483807429516|true|true|true|false|733|184|false|false|true|true|sumptus|388|501|212|417|2022-04-02
thermae|2022-02-26|478|364|714|true|924|737|412|504|820|288|918|259|98|658|620|true|912|true|354|false|855|384.4175306993406|false|false|false|false|318|519|true|false|true|true|una|790|432|2|18|2024-05-07
absque|2024-05-10|319|377|915|true|975|699|130|916|648|394|452|138|949|982|284|true|547|true|498|true|250|80.55573379044378|false|true|true|false|663|84|true|true|false|true|adfectus|704|610|373|685|2025-08-03
solium|2023-03-19|364|523|411|true|509|314|678|469|441|687|96|904|785|80|84|true|957|false|723|false|48|329.5429088841646|true|false|true|false|109|10|false|true|false|true|armarium|37|893|168|370|2017-10-28
atque|2021-06-04|320|734|117|false|455|901|383|505|401|654|670|345|827|238|369|false|829|false|601|false|76|233.9427909539643|false|true|true|false|865|866|false|true|false|false|assumenda|373|304|817|779|2023-12-12
vivo|2023-01-16|587|218|597|false|509|320|231|608|397|72|705|509|912|304|203|false|765|false|87|true|413|387.7948782591517|true|true|false|true|233|702|true|false|true|false|sophismata|654|311|621|621|2019-07-24
collum|2026-04-07|616|167|61|true|614|729|232|450|613|636|735|840|782|0|765|false|987|false|617|true|403|300.7121868676235|false|true|false|true|706|53|false|true|true|false|suppono|947|380|638|552|2018-07-19
tum|2020-01-12|343|29|449|false|463|53|78|457|311|904|988|422|283|689|555|true|522|false|976|true|946|32.43090271675653|false|true|true|true|34|430|true|true|false|false|varius|714|428|793|892|2021-03-15
cubicularis|2024-12-13|655|332|805|false|239|764|586|447|861|740|850|780|530|340|682|true|485|false|218|false|535|75.55392761251201|true|false|true|true|642|433|false|true|true|true|deinde|422|585|898|398|2023-03-11
contigo|2024-11-25|292|915|809|false|901|644|600|51|925|797|537|610|280|95|592|true|666|true|520|false|822|15.508344371341853|false|true|true|true|598|661|false|false|true|true|totam|122|636|265|87|2025-04-16
vereor|2026-05-26|728|60|52|true|985|636|260|55|587|810|76|221|850|440|12|false|724|false|339|true|402|253.08236425918406|false|true|true|false|478|11|false|false|false|true|adhaero|624|699|711|341|2021-08-06
bellum|2019-04-14|538|60|426|true|770|802|873|352|946|801|200|814|866|143|143|true|915|false|587|true|496|906.1117194238656|false|false|false|true|688|337|true|false|true|true|praesentium|569|389|852|818|2020-10-30
tumultus|2023-10-04|488|927|600|true|691|949|523|575|201|694|917|402|905|513|381|true|196|true|31|true|260|92.35670953541508|true|false|true|false|798|797|true|true|false|true|defessus|788|635|832|718|2026-04-30
somniculosus|2026-01-01|409|303|189|true|362|876|168|496|420|74|796|259|729|690|380|false|663|false|427|true|787|777.305125875932|false|false|false|true|987|18|false|false|false|false|convoco|3|481|42|943|2021-02-20
architecto|2020-05-09|542|22|554|true|342|235|156|980|267|616|831|356|540|807|999|true|910|false|983|true|91|726.150143162271|false|true|false|true|881|950|true|false|false|true|circumvenio|3|777|969|767|2021-06-06
somnus|2017-03-07|575|558|385|true|45|180|806|95|181|782|672|947|971|883|578|false|882|true|865|false|291|218.26511554128726|false|false|false|false|304|506|false|false|false|false|vociferor|578|490|530|367|2021-02-27
tergo|2018-08-30|368|286|238|true|881|991|557|2|231|87|420|895|490|645|669|true|639|false|228|true|32|950.6449054800111|true|false|false|false|964|189|false|true|false|false|tero|86|468|824|840|2023-09-29
sint|2020-06-22|245|590|459|true|216|372|604|640|758|85|584|949|218|615|307|false|921|true|478|true|985|502.60629851761774|true|false|false|true|302|956|false|true|true|false|tollo|764|421|54|760|2020-12-22
voluptatum|2025-02-10|538|605|245|true|84|451|0|124|166|921|957|551|345|936|226|true|285|false|136|false|515|225.128115761024|false|true|false|true|794|728|false|true|false|true|certus|890|271|625|71|2020-10-15
sint|2025-03-14|912|297|455|true|593|857|202|777|405|948|714|376|435|669|115|false|274|true|765|true|404|773.748626328765|false|false|false|false|410|471|true|true|false|false|cerno|780|40|477|572|2024-05-30
carmen|2018-11-18|250|771|64|true|395|173|81|338|634|145|788|564|362|215|88|true|618|false|325|true|445|906.8590129929826|false|false|false|true|284|219|false|false|true|false|video|79|228|8|839|2019-11-10
demens|2017-07-27|368|669|7|true|463|774|52|232|185|777|266|448|920|903|779|true|200|true|618|true|127|186.78731133588155|true|true|false|true|489|542|false|true|true|true|terminatio|181|345|959|764|2025-05-28
synagoga|2019-12-12|393|459|151|false|564|981|263|836|868|407|751|342|531|155|900|false|10|false|659|false|591|48.553291058455294|true|false|false|true|294|414|false|true|true|false|sodalitas|844|414|628|87|2025-11-29
amplexus|2019-07-29|90|240|81|false|578|127|835|992|616|905|761|96|225|934|28|false|820|false|986|true|688|685.8088769715354|true|false|false|false|810|693|false|false|false|false|succedo|258|17|67|60|2021-11-24
crur|2019-05-02|220|104|90|true|860|801|92|375|42|343|359|880|998|945|463|false|334|false|359|true|681|591.3666019351688|false|false|false|false|787|776|false|true|false|false|atrocitas|244|706|723|40|2024-12-02
desino|2018-03-15|877|336|143|true|618|760|622|878|523|789|641|530|617|294|715|true|644|true|846|false|172|822.8350728868882|false|false|false|false|776|507|false|true|false|false|alioqui|278|514|478|440|2026-01-15
abstergo|2024-04-13|453|246|462|false|631|685|492|366|691|606|572|618|104|451|140|false|390|true|239|true|334|833.6762212249672|true|false|false|false|183|716|true|false|true|true|acidus|75|395|711|125|2023-11-28
vitiosus|2025-12-07|410|428|401|false|87|788|811|501|915|538|961|701|684|68|114|true|267|true|678|false|572|15.80125901037599|false|false|false|true|663|193|true|true|false|false|aestas|8|513|387|485|2022-04-17
uberrime|2022-01-18|757|139|155|true|854|669|289|29|487|890|84|65|324|1000|328|true|194|false|116|true|255|798.1076363212325|false|true|true|false|104|634|false|true|true|false|possimus|756|478|33|753|2016-10-11
cur|2020-12-07|661|449|131|true|12|538|830|144|439|930|705|432|732|447|286|true|348|true|133|false|702|946.6200869107357|false|false|true|true|191|787|false|true|true|false|vestrum|238|461|403|167|2018-08-28
error|2026-01-12|788|650|74|true|319|366|597|407|567|570|964|797|617|179|613|true|962|false|637|false|164|179.71411972656082|true|false|true|false|900|856|true|false|false|false|tutis|664|782|983|673|2018-05-16
cunctatio|2025-08-30|256|78|328|false|263|615|168|885|277|305|108|54|23|11|129|true|483|true|864|false|810|251.07213422989983|true|true|true|true|805|250|false|false|true|false|vicinus|804|573|25|636|2017-07-29
tumultus|2021-03-07|191|219|409|false|401|477|771|962|497|436|803|532|947|161|623|false|866|false|222|true|782|119.23367903856897|false|false|true|true|19|928|false|false|true|false|alias|583|914|958|859|2016-08-02
utilis|2021-03-30|54|29|844|true|102|719|514|251|183|669|150|717|993|642|224|true|599|false|12|false|42|368.7817744753407|false|false|false|true|556|578|false|false|false|false|cui|408|374|564|415|2023-10-30
admoneo|2016-11-06|903|429|366|true|647|853|857|920|59|854|823|250|464|89|660|true|635|false|219|true|252|567.1797090530519|true|false|false|true|500|971|false|true|false|true|crudelis|368|140|623|688|2023-04-21
virga|2017-05-11|34|176|600|false|448|285|316|67|418|649|145|397|812|960|537|true|900|false|687|false|833|676.9301064243153|true|true|true|false|1000|732|false|false|false|true|usitas|426|437|61|457|2017-10-08
venustas|2019-07-11|690|262|676|false|993|301|533|185|66|990|253|604|262|61|226|false|482|false|854|false|988|74.00517755894798|true|true|false|false|520|278|false|true|true|false|damno|695|681|694|419|2024-12-03
ante|2018-11-28|879|718|655|false|492|556|975|184|658|61|584|401|496|145|159|false|179|false|622|true|350|184.60144783307686|false|false|false|false|203|68|false|true|true|true|facilis|90|696|790|802|2017-09-23
surgo|2017-03-24|919|621|187|true|256|924|154|166|174|672|200|355|427|620|782|true|717|true|618|false|792|392.72477674836705|false|false|true|true|370|358|false|false|true|true|sperno|989|470|984|184|2019-05-22
atrocitas|2022-03-22|946|353|534|false|340|143|482|828|741|882|879|998|56|634|232|false|9|false|934|false|529|20.540462615835086|false|false|false|false|35|7|true|true|true|false|numquam|275|732|964|325|2020-07-21
coniuratio|2018-05-30|80|175|285|false|113|250|404|233|201|495|115|634|288|863|500|true|577|false|656|true|396|297.4829448176577|false|true|false|true|186|357|true|true|false|true|amicitia|662|562|499|348|2021-11-08
vorax|2022-02-10|457|975|372|true|844|667|241|701|349|471|519|398|136|325|998|true|508|false|370|true|992|841.8709594751458|true|false|false|false|489|807|true|true|false|false|suppono|264|46|938|530|2016-10-14
cicuta|2017-11-23|278|623|2|false|322|329|346|191|370|442|975|90|844|837|886|true|718|false|529|false|286|814.4382760563689|false|true|true|true|379|948|false|true|true|false|statim|411|39|269|12|2024-08-15
accusantium|2022-11-03|430|673|846|true|933|124|694|684|383|34|28|121|121|929|769|true|81|true|189|true|306|158.63536732916106|false|true|false|false|554|718|false|true|true|false|aeneus|376|179|841|886|2017-10-12
usque|2019-06-02|508|116|361|true|752|171|656|296|285|692|123|41|964|411|431|true|686|false|99|true|107|833.640457353985|true|false|false|true|622|34|true|true|false|false|dolorum|168|622|971|177|2025-01-14
sustineo|2017-03-03|814|820|316|true|208|658|374|769|8|813|266|55|913|840|11|true|159|false|374|false|72|483.27108827033726|false|true|false|false|178|271|true|true|false|false|videlicet|196|341|522|743|2024-07-08
damnatio|2017-09-01|614|924|243|true|5|784|914|570|888|411|717|240|864|979|283|false|841|false|218|true|843|807.0276919690286|true|true|false|true|45|272|false|false|true|false|celer|902|346|207|409|2020-09-15
talus|2019-09-09|395|848|454|false|150|331|25|925|629|911|580|692|209|984|816|true|553|false|206|false|743|222.07232609189109|true|true|false|true|32|110|false|false|false|true|aureus|206|102|406|868|2026-03-30
tricesimus|2021-06-28|121|787|440|false|879|529|204|48|448|419|442|794|561|150|995|true|456|true|463|true|23|557.7138693798142|true|true|true|false|505|858|true|true|true|true|aetas|740|229|381|20|2021-08-04
iusto|2017-07-18|292|364|581|true|391|839|180|359|935|536|949|996|598|201|286|false|532|true|597|true|361|154.46936077861784|false|false|false|false|548|965|true|true|false|false|nostrum|7|307|77|32|2020-06-24
bellum|2021-05-12|840|316|86|true|779|712|815|13|54|908|603|767|915|951|65|true|436|false|717|true|626|679.7670554624866|false|false|false|false|464|794|false|false|true|false|quas|455|391|105|435|2021-08-18
caecus|2019-08-09|293|545|975|true|745|675|185|124|407|437|644|417|893|407|74|true|243|true|169|false|551|633.106619982076|false|false|false|false|200|936|false|true|true|false|dedecor|360|443|653|85|2024-07-21
certus|2022-12-10|825|993|154|false|27|273|474|898|788|150|734|466|287|241|555|true|645|true|595|true|270|185.8058413968907|false|true|false|true|744|703|false|false|true|false|angelus|491|561|175|27|2018-05-08
verbera|2025-03-28|269|635|931|true|414|274|817|530|947|390|519|265|228|298|719|true|667|true|617|true|121|549.5427557825146|false|false|false|true|772|322|true|true|true|true|claudeo|931|845|343|306|2023-01-21
antiquus|2019-11-27|932|525|30|true|581|313|498|803|814|452|90|605|385|5|111|true|239|false|334|false|727|607.3205971232549|true|true|false|false|438|610|true|false|true|false|vulgo|328|289|331|997|2024-09-15
cervus|2018-10-21|797|337|53|false|775|473|80|42|727|371|997|19|556|556|825|true|798|true|330|true|833|666.2903237521436|true|true|true|false|570|726|false|false|true|true|solum|27|25|189|805|2019-09-08
arcesso|2016-12-11|38|180|233|false|411|512|606|819|409|40|895|912|43|63|353|true|786|false|892|false|719|436.25617250265356|true|true|true|false|340|13|true|true|false|true|terminatio|30|274|574|964|2023-11-27
alter|2017-04-07|717|416|569|true|968|260|838|608|927|534|863|366|43|648|372|true|628|false|138|false|275|403.0896774405732|false|true|false|true|111|484|true|true|true|false|testimonium|704|151|314|780|2025-07-14
dolores|2025-07-08|826|686|854|true|741|639|312|675|788|619|984|146|741|859|145|true|37|true|370|true|320|118.27963251728791|true|true|true|true|659|308|true|true|true|false|conspergo|69|965|242|523|2017-04-04
auctor|2018-04-25|919|763|860|true|170|745|922|508|783|744|939|587|847|984|549|true|251|true|955|false|957|378.41943608011854|true|true|true|false|226|656|false|true|true|false|desipio|132|406|360|583|2020-05-13
deleniti|2023-04-02|498|196|803|false|543|371|928|656|570|100|393|902|238|265|746|true|213|true|10|false|440|355.3591299442845|false|false|false|false|334|512|false|false|false|false|quo|978|12|55|421|2022-02-25
defluo|2017-06-09|846|643|248|false|878|865|342|819|469|736|576|833|998|868|772|false|345|false|499|false|599|948.1558388034805|false|true|true|true|363|839|true|false|false|false|inventore|3|716|557|705|2020-10-20
tergeo|2020-06-26|346|440|116|false|730|890|669|553|397|172|194|943|623|15|182|true|63|true|986|false|545|725.7784427312696|false|false|true|true|656|689|false|true|false|true|similique|393|544|217|33|2018-03-13
clarus|2018-10-26|720|34|472|true|472|648|744|319|231|890|113|25|469|899|145|false|458|false|972|true|160|927.0896714202628|false|false|false|false|305|633|false|true|true|true|deleniti|929|655|495|461|2025-01-25
demergo|2018-12-20|460|932|752|true|350|170|305|570|458|710|986|979|691|153|254|true|779|true|76|true|298|974.8635972972482|true|true|false|false|873|778|true|true|false|true|tyrannus|836|437|531|706|2025-04-09
xiphias|2022-09-18|742|721|23|false|706|333|982|92|0|838|255|376|365|250|541|false|332|true|581|false|719|48.21456709216088|false|true|true|true|862|968|true|false|true|true|bis|114|390|459|3|2016-08-22
ascisco|2017-08-04|469|600|228|true|527|816|130|635|330|232|404|576|222|69|343|false|348|true|911|false|61|211.2828777560488|false|false|true|false|833|355|false|false|true|false|urbs|472|398|809|278|2025-11-11
tripudio|2021-03-01|388|999|335|true|746|618|775|721|275|158|715|994|225|777|449|false|578|true|551|false|565|545.0005045628261|false|false|false|false|847|363|true|true|true|false|comis|959|815|328|143|2025-11-15
cura|2025-01-20|85|350|596|false|526|228|45|845|908|69|909|973|842|455|57|false|907|true|654|true|136|504.68586506926374|false|false|false|true|27|509|true|false|true|false|bellicus|823|309|487|923|2019-07-29
suspendo|2025-09-07|913|715|210|false|440|298|908|295|534|694|315|136|845|901|598|true|21|false|24|true|248|447.9938433106142|true|false|false|true|825|319|true|true|true|true|advoco|730|968|347|603|2019-02-15
aveho|2026-04-09|575|561|130|true|765|128|857|799|749|234|501|220|822|241|803|true|637|false|964|false|166|59.45697296304642|true|true|false|false|854|924|true|true|false|true|speculum|694|998|64|943|2022-09-13
bellum|2021-11-28|587|867|296|false|805|369|800|928|369|535|32|175|730|459|7|true|61|true|618|true|87|705.1783193187794|false|false|false|false|374|213|false|false|true|true|volo|310|578|886|355|2022-08-06
subvenio|2022-11-12|561|319|881|false|403|309|235|877|306|103|335|560|199|15|333|false|869|false|9|false|412|546.6346967721405|false|false|true|false|951|112|true|true|false|true|corona|90|768|489|280|2020-06-30
tendo|2019-08-24|598|167|161|false|29|261|462|44|465|362|194|91|282|696|549|true|198|true|902|false|232|90.88682749725663|false|true|false|false|738|997|true|false|true|false|tego|906|469|858|328|2019-05-13
urbanus|2019-08-09|734|339|276|false|722|400|279|593|174|120|395|593|513|31|765|false|991|false|728|true|706|72.58315930914306|false|false|true|false|66|777|true|true|false|true|aro|253|508|37|99|2016-09-18
curso|2025-10-10|579|995|600|true|5|151|347|811|650|531|208|666|611|587|76|false|29|false|668|false|710|36.397240729613586|true|true|false|false|807|890|true|true|false|true|coniecto|882|539|570|927|2021-05-05
pectus|2017-07-01|433|680|223|false|318|169|336|631|908|481|524|489|482|418|241|true|400|false|633|false|786|349.80058421562796|false|false|false|true|299|436|false|false|true|true|varius|752|556|6|952|2020-06-12
socius|2020-08-20|236|483|291|true|592|451|485|221|190|733|769|721|512|141|160|true|438|false|17|false|585|743.026048416573|false|false|false|false|853|118|true|false|false|true|cerno|48|44|475|872|2016-12-07
suffoco|2022-11-15|791|750|770|false|400|788|304|608|477|671|757|221|53|250|450|false|185|true|770|true|41|172.48484034495482|false|true|true|true|425|399|true|false|true|true|possimus|702|113|141|488|2023-03-10
conqueror|2023-09-04|980|796|602|false|937|789|109|447|79|977|963|517|798|418|739|true|525|true|292|false|248|84.60393589364091|false|false|false|false|632|638|false|false|false|true|tenuis|464|177|104|92|2025-09-05
decumbo|2022-05-11|819|215|257|false|265|569|335|322|585|511|308|101|361|327|609|true|72|true|474|false|661|729.372556764218|true|true|true|true|33|529|false|false|true|false|circumvenio|862|941|690|951|2016-10-26
amplitudo|2024-05-09|324|38|982|false|512|378|70|759|333|589|611|336|172|296|149|true|412|true|743|true|67|148.89795397357153|true|true|true|true|792|536|false|false|false|true|cavus|372|682|89|285|2023-03-05
caveo|2021-06-13|173|576|254|false|860|947|879|628|450|511|336|179|440|749|26|true|586|true|361|false|327|390.9375676978445|true|true|false|true|218|576|true|true|false|false|amo|50|882|551|853|2016-11-10
coniuratio|2019-11-19|109|512|45|true|765|289|278|693|635|421|771|695|538|967|242|false|557|false|840|true|725|61.403288821353705|false|false|true|false|344|688|false|false|true|false|balbus|51|64|543|619|2017-09-28
animi|2018-05-06|282|780|781|false|526|214|817|228|6|158|35|984|385|935|629|true|139|false|645|true|721|13.478168158044369|true|true|false|true|726|58|true|false|false|false|urbanus|262|991|278|591|2017-01-25
aperiam|2021-12-12|803|273|384|false|463|328|237|645|74|916|656|743|178|449|967|true|663|false|51|false|576|73.01472027934174|true|false|true|true|881|59|true|true|true|false|cattus|833|809|837|128|2020-08-08
distinctio|2024-09-01|56|707|624|true|257|218|361|901|370|328|902|848|487|543|554|true|633|false|36|true|713|952.5671256527079|false|false|false|true|448|919|true|false|true|false|autem|42|958|225|744|2016-08-28
capto|2024-05-15|669|811|815|true|395|851|862|919|922|586|81|640|397|80|311|true|967|true|171|true|163|991.693758963013|false|true|false|false|453|479|false|false|true|true|umbra|382|524|682|54|2022-03-09
adhaero|2026-03-13|284|100|268|true|81|826|266|585|998|439|397|29|728|977|830|true|779|false|491|false|648|677.8815936960863|true|true|true|true|648|594|true|false|true|false|magni|984|697|917|79|2019-05-13
uxor|2024-05-24|881|186|740|false|803|892|937|616|986|390|143|339|718|775|815|true|23|true|321|false|827|90.59010626982578|false|true|false|true|689|148|true|true|false|true|talio|189|521|289|415|2021-04-20
soleo|2020-03-22|979|525|805|true|993|690|326|425|144|307|502|503|197|119|867|true|45|false|779|true|104|969.9675672706927|true|true|false|false|733|983|true|true|true|false|ait|415|475|590|689|2022-10-16
victoria|2024-01-29|95|232|776|false|292|152|375|691|243|976|224|369|50|414|490|false|678|true|405|true|571|912.4785119692659|true|false|true|true|130|365|false|false|false|true|quisquam|317|633|216|548|2026-02-28
thermae|2023-01-28|587|671|179|true|791|228|712|22|490|142|222|935|252|85|311|false|522|true|723|true|772|870.9723474308181|false|false|true|true|147|156|true|false|true|false|deinde|285|665|380|781|2021-03-10
concedo|2016-09-16|231|296|591|true|388|14|8|876|156|188|964|561|54|561|417|true|202|false|455|false|874|251.86790221051214|true|false|true|false|801|264|true|true|true|true|denuo|982|132|381|364|2025-04-15
spero|2025-06-29|827|300|429|false|504|974|348|169|448|292|53|68|596|531|410|true|498|true|729|true|738|487.5103631212425|true|false|true|true|589|579|false|true|false|true|defessus|842|976|311|859|2022-06-17
apud|2026-04-27|337|466|317|false|941|347|364|639|156|811|802|333|175|290|802|false|210|false|384|true|982|916.7792860178541|true|false|false|false|842|436|false|true|false|true|aurum|928|990|118|261|2020-07-23
tonsor|2023-02-15|558|687|467|false|866|583|682|792|776|693|562|635|880|863|390|true|235|true|482|true|94|153.42864280514414|true|false|true|false|774|949|false|true|true|true|demo|348|754|898|852|2018-10-01
delibero|2019-11-11|692|526|684|false|810|285|651|959|985|293|249|479|498|606|556|false|787|false|698|true|142|71.08777559081503|false|true|true|true|609|441|false|false|true|false|abstergo|747|938|570|375|2026-04-03
sperno|2019-07-05|326|699|50|true|83|361|909|99|647|468|100|984|499|652|580|true|802|false|247|true|760|478.73770932536877|false|false|false|true|49|884|false|false|false|true|comes|606|802|398|223|2024-03-31
comprehendo|2024-12-27|684|920|67|false|875|563|343|789|717|219|942|313|847|128|242|true|945|true|276|false|797|136.90845630479888|false|true|true|true|179|751|true|true|false|true|argentum|120|65|797|302|2021-05-03
condico|2024-06-23|312|726|714|false|417|963|521|735|512|332|353|815|220|348|207|true|298|true|921|false|3|807.0043631647823|true|false|false|true|849|276|true|true|true|true|toties|11|143|611|15|2018-11-06
caelum|2016-08-24|871|563|311|false|175|162|742|818|573|194|953|962|641|572|853|true|321|true|16|false|73|772.3354724464499|true|false|false|true|893|620|true|true|true|true|accendo|359|675|64|133|2017-08-01
talus|2019-12-29|153|810|654|true|722|873|660|538|641|728|767|528|627|81|637|false|786|true|519|true|267|599.6518061803434|false|false|true|false|581|152|true|true|true|false|cenaculum|610|954|176|871|2019-01-14
tyrannus|2021-11-06|838|381|113|false|356|317|45|944|949|984|274|594|564|590|817|false|721|false|783|false|487|837.6879308953067|true|false|true|true|10|371|true|true|false|false|terga|433|568|903|694|2025-08-27
confido|2023-02-19|583|47|254|true|436|16|398|423|868|265|397|993|274|812|48|false|688|true|500|false|922|381.4982071684002|true|false|false|false|359|203|false|true|true|true|atqui|795|798|809|724|2019-07-07
vae|2017-09-23|304|359|802|true|594|116|806|691|526|338|425|708|664|530|454|true|927|false|482|false|208|443.0338605454541|false|true|false|false|921|923|false|true|true|true|succurro|52|873|854|612|2022-06-03
deficio|2020-08-02|148|935|731|true|657|774|744|22|764|719|110|794|642|117|627|false|687|true|18|false|933|240.6612152588753|true|true|true|true|651|264|true|false|false|true|amiculum|103|947|220|245|2021-09-17
tamdiu|2020-04-17|499|304|788|false|275|240|291|101|56|580|607|659|610|929|574|true|427|false|72|true|44|166.56865097102124|false|true|true|false|77|967|false|true|false|true|spoliatio|978|67|746|98|2018-05-21
tricesimus|2024-12-19|789|783|29|false|438|676|998|894|179|905|180|428|676|69|971|false|595|true|372|false|652|126.88692482121088|false|false|true|false|140|501|false|false|false|false|appositus|903|738|343|318|2017-04-23
audentia|2025-02-17|977|389|835|false|291|93|256|659|655|183|32|120|343|177|853|false|737|false|740|true|710|950.7302662330815|false|true|true|false|528|308|false|true|true|false|conduco|376|631|406|174|2022-08-15
facere|2019-02-01|106|3|315|false|722|310|577|265|223|808|763|896|639|613|480|false|565|true|384|false|402|361.3117154454366|true|false|true|false|842|38|true|false|false|true|spero|666|352|102|421|2018-04-16
quae|2018-01-24|42|774|150|false|268|874|302|944|437|482|662|455|135|980|985|false|102|true|612|false|486|421.1583551558942|true|true|true|false|297|50|false|true|true|false|debitis|457|381|126|70|2022-03-17
bellum|2025-12-24|912|276|504|false|119|791|971|958|472|356|813|415|668|647|934|true|377|false|959|true|708|259.4381531279399|true|false|true|false|31|996|false|true|true|false|quasi|335|720|627|777|2023-04-24
corpus|2018-08-07|522|683|864|false|522|690|897|871|788|917|499|344|723|849|249|true|855|true|117|false|455|946.7080658485604|true|true|false|true|258|498|true|false|false|false|tonsor|737|736|757|218|2019-05-26
conscendo|2020-04-20|409|945|951|false|189|249|410|157|138|25|65|963|284|403|83|true|315|true|62|false|803|458.1836853002539|false|true|false|true|458|624|false|false|true|true|tumultus|927|692|964|46|2023-12-13
atrox|2017-12-24|158|363|689|true|136|713|336|443|271|542|944|609|766|147|650|false|584|true|664|false|497|221.218991936069|true|true|true|false|966|376|true|true|false|true|coerceo|929|105|21|194|2025-07-26
ventus|2016-11-30|121|668|496|true|898|586|337|908|667|714|297|581|931|23|777|false|676|false|917|true|603|405.2326020457381|false|true|false|false|685|774|true|true|true|true|cunae|821|992|738|390|2025-03-04
toties|2025-08-10|533|156|712|true|500|488|784|211|748|53|68|623|620|348|561|false|975|true|934|true|353|379.16239333772063|false|false|false|false|5|141|true|true|true|false|vomica|624|49|100|500|2020-07-27
subnecto|2020-03-29|55|343|435|true|445|800|979|783|156|793|682|719|940|577|687|true|274|false|704|true|183|976.5447972818396|false|false|false|false|278|402|true|true|true|true|vulnero|610|445|762|272|2019-03-22
canto|2025-03-07|573|496|274|true|523|610|114|880|457|376|736|497|562|54|139|true|480|false|227|false|904|541.8579885530919|true|false|false|false|716|282|false|false|true|true|atrocitas|571|59|475|398|2016-07-25
urbanus|2016-07-29|539|222|360|false|774|83|239|558|437|442|940|563|877|882|103|false|263|true|975|false|411|902.24507416504|false|true|true|true|884|647|true|true|false|true|autem|165|623|719|39|2024-06-19
vix|2021-12-23|770|181|951|false|562|22|40|297|725|873|90|990|360|266|133|false|998|true|705|false|853|852.1351708775995|false|false|true|true|128|977|false|true|true|true|contabesco|199|782|591|670|2018-11-17
ipsa|2016-11-11|557|755|961|false|984|269|16|226|647|273|438|476|889|434|10|true|195|false|104|true|438|107.18787505984805|true|false|true|true|808|919|false|true|true|false|timor|913|273|616|885|2023-09-21
sonitus|2025-12-11|777|569|998|true|290|229|635|950|92|777|308|870|590|164|827|false|693|true|42|true|731|151.7951167613053|true|true|true|false|376|420|false|true|true|false|cursim|994|673|431|937|2024-03-31
appositus|2026-01-16|311|794|536|true|193|589|929|747|911|109|940|652|400|10|387|true|808|true|95|false|61|922.3095974568104|false|true|true|false|48|614|true|false|true|true|cribro|589|315|859|503|2024-03-03
alienus|2016-09-08|172|449|111|true|265|771|995|495|77|391|522|82|555|569|403|false|550|true|24|false|79|330.9027542342352|false|true|false|false|369|466|false|true|true|false|depraedor|116|316|430|518|2023-02-04
complectus|2018-12-16|714|729|273|true|490|529|340|39|132|319|921|794|922|498|718|true|39|true|537|true|110|697.271127343913|true|false|false|true|84|723|false|false|false|true|tondeo|974|338|392|242|2017-11-06
rem|2016-08-26|681|489|490|true|846|218|293|82|139|882|824|740|114|454|80|true|938|false|16|false|877|144.7277303178761|true|false|true|false|100|557|false|false|false|true|cattus|224|874|689|39|2025-03-30
arguo|2022-07-11|895|475|935|false|52|155|437|840|117|252|658|329|172|134|391|false|298|true|614|false|531|408.97409048009195|true|false|false|true|713|135|false|true|false|true|maxime|855|825|423|456|2026-03-14
ademptio|2019-10-27|416|123|22|false|142|764|438|962|810|14|763|623|559|62|583|false|122|false|356|false|258|259.8248569892|false|false|true|false|718|832|false|true|true|true|aeger|263|424|415|108|2021-03-03
contigo|2020-08-05|776|282|155|false|761|646|128|989|547|522|809|421|401|146|485|false|967|true|402|true|232|186.58688134850976|true|false|false|true|145|543|true|false|false|true|arca|956|968|57|567|2020-05-28
apostolus|2018-11-08|336|74|624|false|620|390|413|30|356|179|446|63|314|419|717|false|842|true|136|false|460|619.066555407986|false|false|false|false|314|823|false|false|false|true|synagoga|167|517|182|98|2023-06-22
audio|2020-05-18|515|350|196|true|869|446|697|270|262|364|339|182|165|908|34|false|77|false|973|true|441|208.49384747033574|false|true|true|false|277|472|true|true|true|true|comburo|130|322|23|237|2023-12-21
adstringo|2022-05-08|200|884|197|false|975|414|765|615|980|482|674|857|43|981|105|true|376|false|454|true|581|598.3641966458852|true|true|true|true|381|759|false|false|false|false|esse|660|67|391|586|2025-01-05
sollicito|2020-07-24|19|491|512|true|84|337|413|514|154|30|41|268|862|847|670|true|598|true|326|false|851|904.4403735475929|false|false|false|false|690|949|true|false|true|false|tempus|266|401|563|617|2020-12-05
aqua|2026-07-15|713|719|395|true|520|944|377|356|442|636|437|36|945|87|231|true|870|true|16|false|687|128.04025579702505|false|false|false|true|572|310|false|true|true|true|una|588|310|665|851|2024-10-17
tero|2021-12-23|889|685|51|false|600|736|678|307|671|77|189|879|4|180|136|false|736|true|466|true|298|984.2985743052473|false|false|true|false|830|638|true|true|false|false|delibero|478|913|513|768|2021-11-26
facere|2023-09-18|879|490|191|true|971|434|938|864|279|381|10|47|646|3|406|true|288|true|406|true|244|13.580885317906244|false|true|true|false|99|45|false|true|false|false|vilis|816|783|11|552|2019-10-16
cribro|2022-07-28|345|971|969|true|545|471|108|737|317|813|615|55|964|12|109|true|35|false|141|false|117|194.39633546083857|true|true|true|true|899|586|true|false|false|false|error|405|241|501|924|2024-09-14
adinventitias|2023-10-16|474|925|28|true|351|568|728|836|82|111|851|326|511|53|663|true|620|true|28|true|15|109.86995319526982|false|true|false|true|283|615|false|true|false|true|tricesimus|389|541|263|494|2025-01-11
acies|2018-01-30|248|228|203|false|265|812|929|506|548|414|374|298|767|891|210|true|97|false|635|true|153|104.10840771067286|false|false|true|false|225|651|true|false|true|true|tendo|461|303|196|457|2018-06-21
stipes|2018-02-27|625|640|452|true|715|880|738|134|879|617|657|600|438|238|632|true|9|true|94|true|103|65.41512347875799|true|true|false|false|496|963|false|false|false|true|blandior|526|282|676|853|2017-04-29
urbanus|2024-07-02|468|258|924|true|125|555|322|726|307|72|919|634|818|334|862|true|957|true|540|false|828|525.4209574012729|false|true|false|true|472|844|true|true|false|true|solvo|211|434|154|944|2017-08-07
volubilis|2017-01-16|200|330|247|true|815|739|992|478|67|422|475|583|821|40|345|false|733|false|144|true|35|620.0984170171688|true|true|false|true|315|761|false|true|false|false|comptus|91|469|381|607|2016-09-15
cometes|2020-07-29|234|202|398|true|69|918|542|652|791|147|893|928|994|26|351|true|642|false|566|false|861|105.64449910277784|true|false|false|true|34|917|false|false|false|false|eos|714|692|974|131|2016-10-16
versus|2023-05-27|796|754|311|false|14|17|531|853|798|204|587|8|174|629|689|false|759|true|55|true|274|46.059867730537384|false|false|true|true|630|358|true|false|false|true|dicta|490|931|243|403|2020-11-18
creta|2019-09-27|186|303|539|true|272|37|877|28|846|440|728|517|527|993|318|true|333|true|800|true|67|193.3279345929716|false|false|false|false|940|430|true|false|false|true|carbo|52|590|38|370|2023-01-04
abstergo|2020-07-21|982|366|752|false|178|227|665|692|379|834|128|903|871|111|934|false|690|true|628|true|553|731.3365382165979|false|false|true|false|559|590|true|true|true|true|modi|857|340|248|388|2025-05-04
talis|2021-07-20|186|558|625|true|381|928|812|660|61|347|895|353|729|404|197|true|741|false|598|true|649|151.252834085032|false|false|false|true|952|551|true|false|true|true|quo|342|415|124|78|2022-11-20
voluptates|2018-10-17|179|330|962|false|933|704|235|401|274|518|93|415|244|163|117|false|632|false|873|false|22|116.69018920818053|true|false|false|false|261|673|true|false|true|true|theologus|378|884|312|376|2021-09-08
statim|2020-05-26|985|762|773|true|879|262|843|411|580|135|595|339|52|855|761|true|701|false|189|false|762|910.8402196116381|false|false|true|true|125|1000|true|true|false|true|deserunt|940|434|451|945|2026-04-20
coerceo|2020-07-20|247|818|137|false|921|554|841|686|990|189|831|744|739|846|429|false|345|false|949|false|731|812.8498577435071|false|true|false|true|783|276|true|true|true|false|angulus|965|294|290|45|2024-08-02
a|2024-08-27|467|429|911|false|708|286|543|892|499|109|65|714|842|118|356|true|570|false|97|true|2|356.7695786453633|false|false|false|false|23|644|true|true|false|true|viriliter|903|603|586|125|2025-07-24
alioqui|2023-06-30|257|302|775|true|620|175|111|922|442|199|643|717|939|996|226|false|216|false|47|true|235|671.6793372995162|true|false|false|false|260|291|true|false|false|false|amplus|300|778|312|86|2022-12-12
creo|2021-01-23|412|705|283|false|363|708|604|966|492|439|576|157|936|33|56|true|965|false|67|true|483|956.7647325270798|false|false|true|true|95|792|true|false|true|false|curto|985|173|269|528|2026-04-05
laudantium|2023-01-22|119|318|411|true|432|176|23|292|563|567|675|575|662|47|306|false|100|false|415|false|284|433.1309699493231|false|true|true|false|682|816|false|true|false|true|aestas|47|185|439|133|2022-02-11
sursum|2024-09-25|364|567|352|false|136|680|873|784|927|664|188|212|942|981|671|true|288|true|39|true|638|14.82327671835959|false|false|true|true|604|289|true|false|false|false|defessus|192|508|462|11|2018-07-19
volup|2020-01-08|41|934|8|false|633|140|816|8|547|610|616|981|647|842|375|true|668|true|392|false|257|328.2667794688734|false|false|false|false|709|742|false|false|false|true|taceo|918|182|149|405|2020-11-20
depraedor|2023-01-31|126|151|80|false|483|462|114|237|973|489|3|434|738|306|0|false|248|true|787|true|76|102.22637851254368|true|true|false|true|761|539|true|false|false|false|neque|190|800|995|42|2023-05-22
commemoro|2020-07-03|403|343|26|false|488|481|296|72|626|418|740|813|791|207|410|false|103|true|730|false|281|990.5251901859583|false|true|false|false|706|929|false|false|true|true|vinculum|399|344|390|245|2018-10-01
apostolus|2021-10-30|296|939|89|false|758|173|788|126|233|417|795|616|923|315|53|true|262|false|657|true|88|697.9342255300216|false|false|true|true|722|611|true|true|true|false|suspendo|663|638|272|911|2020-02-07
quidem|2025-03-25|966|518|943|false|69|73|250|993|234|433|582|787|691|964|710|false|440|false|133|false|78|492.2980050730206|false|false|false|false|277|925|true|false|false|false|vester|324|675|2|748|2023-02-20
tergo|2020-12-13|225|943|957|false|273|263|804|967|250|788|156|489|349|457|120|false|556|false|925|true|279|147.07627960150205|true|false|true|false|61|962|false|true|true|false|certus|233|575|110|840|2022-04-28
porro|2017-01-22|297|699|511|false|200|139|370|364|535|454|399|882|320|335|295|false|935|true|137|true|792|688.1668190542691|true|true|true|false|683|533|true|false|true|true|carmen|474|638|2|429|2016-09-27
voco|2022-02-02|863|819|869|false|745|426|384|874|735|861|773|844|604|887|241|false|100|true|848|false|174|814.0314360557803|false|true|false|true|489|765|true|false|true|false|synagoga|182|784|683|233|2024-11-08
defero|2020-07-09|813|838|813|true|461|393|628|424|746|48|910|501|174|782|313|false|976|false|108|false|516|787.2623186280125|false|true|true|false|460|370|false|true|false|true|tepesco|129|98|843|675|2022-09-29
provident|2018-05-10|950|19|793|false|27|142|389|242|967|206|753|765|415|272|427|true|952|false|565|true|991|332.28467917533777|true|true|false|true|487|569|false|false|false|true|inventore|297|349|245|828|2019-05-22
tandem|2020-02-11|287|975|783|true|708|953|403|336|449|736|462|605|980|74|774|true|539|false|801|false|718|792.8825628659862|true|true|true|false|601|248|true|false|true|false|stillicidium|719|175|890|167|2018-07-01
conduco|2021-10-08|239|618|748|false|826|912|913|448|166|333|271|907|548|260|163|true|224|false|150|false|345|835.1248438538697|false|true|true|true|628|959|true|true|true|true|cubo|366|318|873|723|2024-08-19
cena|2018-10-29|427|96|664|false|372|914|786|326|838|929|791|554|377|929|626|false|375|true|104|true|129|807.3316107971256|false|true|false|true|848|9|true|true|false|true|varius|581|667|392|496|2021-09-28
clarus|2026-03-28|441|357|429|false|157|683|316|911|297|512|936|628|866|348|278|true|127|true|221|false|347|629.2723257761434|false|true|true|true|579|617|false|true|true|true|reiciendis|48|377|704|857|2023-10-31
sponte|2019-02-07|917|594|847|false|451|799|371|481|384|911|610|293|97|778|705|false|131|false|947|false|169|182.09707947538013|true|false|true|false|91|126|true|false|true|true|tamisium|86|537|915|464|2024-07-25
timor|2022-02-10|150|649|678|true|509|97|133|837|698|995|878|858|52|834|530|true|65|false|898|true|108|93.40071429205932|false|false|true|true|291|588|true|false|false|true|adipiscor|585|999|798|592|2024-01-28
arbustum|2018-12-02|575|959|401|true|403|730|816|689|862|521|538|686|181|102|365|true|157|true|147|true|345|631.8731473818412|true|true|false|false|262|157|false|true|true|false|conduco|630|364|883|214|2018-09-07
bellicus|2020-12-14|314|115|360|true|8|892|327|777|608|306|314|785|29|383|470|true|172|false|977|false|863|562.0412862315961|false|true|false|true|539|83|false|true|true|false|coniecto|147|929|521|917|2021-08-31
cura|2020-11-22|817|685|324|false|655|393|584|374|976|265|476|133|630|696|465|false|996|true|823|false|490|704.6477197944251|true|false|true|false|294|691|true|true|true|false|certe|606|492|870|835|2021-08-10
dignissimos|2024-07-24|367|156|825|true|969|996|699|498|203|615|855|583|711|844|296|true|112|false|400|true|0|845.7898902514302|true|false|true|true|758|898|true|false|true|true|venia|393|611|117|880|2016-12-21
abutor|2021-06-13|547|426|352|false|549|819|75|358|101|990|672|238|507|176|352|true|362|true|15|true|322|181.30488453407335|true|true|true|true|854|156|false|false|false|false|supellex|526|552|1000|674|2025-07-14
denuncio|2017-10-08|210|136|599|true|148|978|664|811|356|198|811|312|827|896|14|true|79|false|636|true|316|84.67193516788763|false|false|true|true|695|777|false|false|true|true|atavus|209|188|406|414|2023-09-08
antepono|2019-03-08|702|459|268|false|837|177|168|922|561|219|174|261|358|97|847|true|349|false|458|false|450|906.9164915140846|true|true|true|false|378|213|true|true|false|false|rerum|598|225|381|359|2023-04-29
vomito|2025-07-10|528|299|566|true|562|20|790|636|933|373|755|794|477|34|492|false|915|true|711|false|692|86.45243513245137|true|false|true|false|196|554|false|true|false|true|tardus|66|518|540|379|2018-03-29
celer|2025-01-23|634|940|903|true|228|323|653|105|387|600|3|307|392|670|238|false|618|false|342|false|178|948.0944868377052|true|false|true|false|950|202|false|false|true|false|color|479|414|299|644|2017-04-05
tametsi|2017-09-28|847|804|814|true|849|53|985|509|752|489|247|603|836|863|323|true|596|false|216|false|63|816.2830287831497|true|false|false|false|149|395|false|true|true|true|cavus|816|384|520|899|2026-04-07
agnosco|2016-11-29|779|198|895|true|708|485|813|44|863|383|339|937|6|9|7|true|5|true|178|false|818|776.2952452705832|false|false|false|true|208|594|true|true|true|false|praesentium|47|849|148|330|2020-08-13
patruus|2019-01-11|658|724|706|false|974|91|413|903|332|983|220|718|618|543|543|true|482|true|246|true|588|902.0384698934403|true|false|false|false|723|494|true|true|true|true|acsi|424|689|415|494|2021-06-14
tergiversatio|2026-07-02|840|244|569|false|444|74|469|701|212|31|909|204|320|314|252|true|926|true|339|false|798|279.8137503208209|true|true|true|false|306|383|true|false|false|false|aufero|261|939|666|115|2025-07-27
vehemens|2022-07-14|997|940|344|false|520|470|493|21|198|235|647|377|189|14|608|false|485|true|100|true|337|542.3272262773805|false|true|true|true|306|308|false|true|false|true|cuius|939|590|660|89|2021-03-03
absum|2023-07-18|430|574|270|true|992|429|806|792|462|980|912|455|10|715|469|false|587|false|102|false|390|139.7645693936258|false|true|false|false|383|576|false|true|true|false|bonus|457|115|912|483|2023-08-11
amicitia|2021-12-22|576|725|119|false|592|471|297|9|112|190|264|227|549|98|971|false|321|true|960|false|771|738.7922691542128|true|false|false|false|360|160|false|false|true|false|cruciamentum|477|512|520|854|2024-08-24
caelum|2025-07-13|508|91|820|true|830|181|444|670|303|76|4|773|840|73|111|true|522|false|553|true|717|933.693827009995|false|false|false|true|109|933|true|true|false|false|antea|505|406|609|998|2020-02-03
expedita|2026-05-12|636|949|436|true|681|495|736|811|625|357|491|708|135|251|935|true|661|true|576|false|308|662.0259080601174|true|false|true|true|857|482|false|true|false|true|est|820|266|962|773|2026-04-26
error|2017-05-16|348|101|909|false|997|919|442|316|127|209|538|548|430|935|706|true|960|true|13|true|868|281.6249060192113|true|false|false|false|490|834|false|true|false|false|demo|134|987|959|164|2021-11-02
patrocinor|2021-11-12|906|605|297|true|724|22|915|124|561|743|126|94|318|425|139|true|884|true|278|true|694|201.81497881633405|false|true|false|false|204|548|false|true|true|false|pauci|908|394|447|77|2025-09-19
arto|2025-07-01|491|357|470|true|59|885|635|463|26|40|344|445|59|506|807|true|440|true|941|false|243|170.80425010093813|true|false|true|false|328|73|false|false|false|false|vir|946|966|883|887|2025-09-25
expedita|2020-09-09|549|125|405|false|125|906|331|2|141|365|730|588|253|529|897|false|550|false|540|true|992|729.5294803624673|true|false|true|true|600|648|true|false|false|true|umbra|687|401|237|925|2026-06-08
contego|2017-06-20|547|672|753|false|179|652|492|460|678|472|243|306|616|78|122|false|482|false|117|false|983|564.6555393513506|true|false|true|true|362|106|true|true|true|false|vespillo|119|681|769|751|2018-03-03
decerno|2024-11-09|286|255|186|true|720|165|852|394|382|34|602|45|977|560|721|true|996|false|159|false|7|252.23912251328352|false|true|true|false|868|429|false|false|false|true|beneficium|23|734|633|247|2022-05-01
utilis|2024-12-20|428|324|941|false|232|423|248|193|352|443|27|22|457|11|761|true|508|true|75|true|349|201.849343022372|false|true|false|true|715|170|false|true|false|false|tergeo|850|249|613|382|2017-04-14
dolor|2023-09-01|497|616|225|false|608|626|784|180|591|590|495|799|773|740|312|false|991|true|229|false|168|252.90680447906354|true|true|false|true|2|760|false|false|true|false|ad|181|140|463|376|2021-01-05
vacuus|2024-07-03|550|574|188|false|669|481|772|997|317|409|605|477|990|797|808|true|799|true|698|true|673|774.714751672803|true|false|false|true|195|416|true|false|true|false|victoria|731|802|996|596|2019-12-03
universe|2017-02-03|728|559|427|true|567|332|815|968|954|743|680|287|975|915|76|true|326|true|185|true|784|375.4986976646253|true|false|false|true|177|94|false|false|false|true|porro|396|838|281|915|2022-05-11
alioqui|2017-08-15|420|882|508|false|325|105|917|570|949|350|377|750|860|37|572|false|426|false|54|true|461|91.24920020021155|false|true|false|false|612|699|false|true|false|false|votum|246|500|256|800|2017-05-24
crinis|2022-08-25|510|190|423|false|922|781|196|202|774|77|467|482|884|517|449|true|780|false|98|false|576|904.1018563438518|false|false|false|false|198|394|false|true|true|true|defaeco|286|533|204|514|2025-03-17
texo|2022-03-12|928|91|29|true|585|308|491|18|626|193|81|218|326|38|573|true|532|true|622|true|75|443.89325126933954|true|true|false|false|851|130|true|true|true|true|patior|956|768|107|309|2017-08-27
perferendis|2019-09-28|808|389|900|false|206|764|994|262|577|213|506|679|40|628|790|false|527|true|863|true|976|413.0547209884962|true|true|false|false|929|126|false|false|true|true|curso|414|375|764|239|2019-01-04
denuncio|2026-03-19|70|118|531|true|571|35|471|366|689|379|588|393|51|416|153|false|908|true|758|true|493|185.3573092636821|true|true|true|false|125|391|false|true|false|false|tenus|16|476|597|766|2016-12-10
ustulo|2024-10-17|276|108|794|false|315|989|844|490|630|623|619|867|604|639|787|true|441|true|85|false|17|533.2670164161811|true|true|false|false|89|858|false|false|false|true|cubo|757|867|581|206|2025-03-31
omnis|2020-04-08|762|527|949|true|958|36|224|138|361|834|522|844|727|610|433|false|511|false|437|false|914|253.0006445621974|false|false|true|true|580|79|true|false|false|true|sed|853|721|991|235|2021-12-16
verbum|2025-04-23|555|690|758|true|948|97|301|563|356|521|309|85|4|277|991|false|655|false|830|false|784|762.7466333339108|true|false|false|true|42|165|true|true|false|false|canis|472|274|877|332|2023-11-18
admoneo|2017-08-25|639|124|684|false|509|658|583|683|507|578|329|732|221|886|32|false|242|true|520|false|555|26.973144834742115|false|false|true|true|930|439|true|false|false|false|vitae|302|736|358|376|2022-12-13
concido|2018-04-27|106|613|952|true|362|709|522|1000|301|180|407|893|742|998|605|true|325|false|836|true|635|702.1857228476487|true|true|false|false|847|952|true|true|false|true|admoneo|296|597|876|74|2025-04-20
defaeco|2025-06-27|140|567|694|false|750|342|456|985|269|206|8|535|622|275|76|false|585|true|396|false|542|450.53396455045214|false|true|false|false|656|695|false|false|false|false|ago|625|585|737|384|2023-07-22
uredo|2021-10-11|157|573|728|false|610|452|199|674|676|552|759|204|428|312|42|false|744|false|144|true|262|937.0771885004826|false|true|true|true|688|347|true|true|false|false|ver|305|760|131|720|2018-09-16
vigor|2020-05-24|693|885|222|true|54|128|876|824|589|348|521|519|581|468|649|false|503|true|901|true|321|46.12092375416488|true|false|false|true|782|709|true|false|false|true|sol|347|883|568|508|2018-11-23
adduco|2017-08-12|382|792|930|false|572|558|985|792|827|114|636|13|564|85|294|true|393|true|388|true|868|704.126015857405|true|true|true|false|524|315|true|false|false|true|provident|267|666|53|310|2025-01-10
vinculum|2021-08-02|374|955|912|false|989|242|434|76|507|560|145|551|36|521|607|true|438|false|923|true|660|138.70411564079933|false|false|true|false|998|554|true|false|true|true|quasi|680|722|542|67|2025-03-09
sollicito|2018-08-12|674|97|914|false|559|979|458|159|523|608|430|251|774|732|545|false|112|true|69|false|985|321.26434489221975|false|true|true|false|532|475|false|false|false|false|assumenda|556|979|537|803|2024-02-28
curiositas|2020-04-10|328|16|372|true|675|51|846|909|438|923|151|156|754|444|325|false|629|true|524|true|216|721.0247005827699|false|true|false|true|739|202|false|true|true|false|adiuvo|537|657|244|774|2019-10-31
ducimus|2026-03-25|240|232|668|false|548|205|354|401|50|311|800|952|6|364|994|false|852|false|866|false|33|171.27810206602|false|true|true|true|15|224|false|true|false|true|eum|152|667|208|318|2024-05-15
adhaero|2017-06-14|445|752|97|false|126|847|657|684|420|222|113|824|437|181|980|true|435|true|29|true|422|186.52227526426245|false|true|true|true|994|338|false|true|false|false|perferendis|410|640|788|158|2024-08-09
aufero|2023-08-06|341|381|200|true|543|255|712|623|761|645|83|904|869|292|507|true|508|false|889|false|78|473.1032791762186|true|false|true|false|565|331|false|true|true|true|dicta|121|566|369|323|2020-04-24
administratio|2018-03-05|45|387|194|true|292|261|98|186|971|499|531|5|511|526|315|true|273|false|270|false|842|299.2159032686782|false|false|true|true|994|834|false|false|true|false|voluntarius|491|67|512|85|2017-08-23
theca|2025-05-10|314|518|892|false|499|394|707|113|183|337|300|372|871|575|822|false|726|true|942|true|164|256.75024673647573|true|true|false|true|351|539|false|true|true|false|tepidus|827|544|766|754|2020-01-04
subnecto|2017-07-03|271|55|92|true|190|680|242|162|785|544|272|889|605|511|824|false|654|true|594|false|345|711.7540004072979|false|true|true|false|507|416|true|false|false|true|textor|372|477|2|463|2024-09-17
qui|2022-04-15|303|855|504|true|870|693|250|650|633|791|825|923|71|398|224|false|151|true|94|true|714|756.9258803972134|true|false|false|true|149|513|false|false|false|false|crastinus|222|253|895|618|2023-08-07
turbo|2023-09-06|904|554|869|true|717|130|486|40|102|94|493|628|762|283|91|false|710|true|571|true|760|377.6037278738378|true|false|false|false|512|656|false|false|true|true|teneo|493|158|872|340|2020-04-06
undique|2019-08-06|993|292|866|false|299|905|243|222|541|582|641|712|94|873|567|true|81|true|357|false|387|474.59607592206874|false|false|false|true|390|233|false|false|false|true|sustineo|249|15|392|390|2021-01-29
cura|2019-08-14|821|487|160|true|9|563|842|511|95|999|852|128|179|101|953|true|528|true|266|true|799|551.629333793365|false|true|false|true|883|104|true|false|false|false|spero|292|874|858|434|2020-09-07
caput|2024-12-28|411|174|15|false|109|335|220|485|209|49|792|356|135|802|440|true|560|false|543|true|981|945.9982589108772|false|true|true|false|164|796|true|true|false|false|virga|696|547|703|629|2022-09-23
verecundia|2024-09-29|203|391|814|true|232|378|871|850|345|21|107|776|511|55|855|true|581|false|459|false|175|112.76264773991574|false|true|true|true|98|271|false|true|false|false|auctor|370|154|956|438|2024-11-15
decretum|2021-06-14|394|315|753|false|409|998|378|414|363|557|419|813|471|395|666|false|284|true|754|true|767|307.3542303367819|true|true|true|false|325|49|false|true|false|true|tribuo|647|694|883|172|2017-08-22
ulterius|2019-12-18|366|590|873|false|987|655|196|980|255|511|454|217|122|719|216|true|153|true|896|false|379|501.2377304463898|true|true|true|true|848|180|false|true|false|false|creptio|645|172|135|727|2021-10-23
verbum|2026-06-20|862|149|234|false|264|396|405|282|418|33|74|87|518|242|671|false|521|false|89|true|950|491.9638414096357|true|false|true|false|500|788|false|true|false|true|tero|715|979|800|18|2021-10-03
absum|2021-07-29|368|98|829|true|488|482|216|907|696|77|471|673|212|507|703|false|890|false|240|true|117|401.0334600576192|false|false|true|false|737|570|false|false|false|true|solus|316|406|379|490|2018-05-25
valetudo|2020-04-24|261|482|171|true|281|298|80|220|289|191|487|180|981|711|212|true|15|false|398|false|792|251.62096690006896|false|true|true|true|241|538|true|true|false|true|cattus|698|862|939|744|2019-01-14
accusator|2024-11-12|389|905|306|true|221|841|176|165|580|876|280|982|177|284|700|true|280|true|47|false|515|350.4960536193557|true|true|true|false|940|690|false|true|false|false|amplexus|568|891|845|836|2017-11-26
minus|2018-12-02|185|72|833|true|270|881|562|574|664|65|145|441|971|680|417|true|141|true|971|false|139|76.42930841097639|false|true|false|false|795|608|false|true|true|true|creta|53|259|688|645|2023-11-27
pauci|2020-10-12|349|31|646|true|435|641|116|451|630|259|967|63|730|34|394|false|72|true|15|false|28|441.4474029918443|false|false|true|false|975|256|false|true|false|false|repudiandae|742|96|787|760|2024-11-12
ceno|2017-02-21|818|798|930|false|3|681|235|395|541|905|20|148|517|820|797|false|43|true|489|false|583|965.6786697846528|false|false|false|false|283|357|true|true|false|true|voluptas|236|694|350|676|2025-03-13
cupressus|2024-08-20|578|366|619|true|274|484|901|814|142|381|83|997|451|601|909|true|792|false|764|true|647|930.620389055697|true|true|false|true|861|192|false|true|false|false|animi|187|985|97|500|2021-05-04
delego|2018-10-14|442|632|965|true|854|315|451|531|853|375|953|889|730|269|941|false|298|false|807|true|162|540.2719738831368|false|false|true|false|486|47|true|false|false|true|vix|505|757|691|98|2018-03-18
crustulum|2023-02-28|755|834|166|true|247|184|719|649|217|834|68|768|917|9|487|true|757|false|187|false|629|869.2471851574869|true|true|true|true|14|74|true|true|true|true|expedita|553|138|345|826|2025-05-10
voveo|2026-05-12|123|825|892|true|336|44|65|369|366|726|644|398|752|334|345|true|390|false|552|true|50|635.0842299748756|true|false|true|true|110|503|false|true|true|true|veniam|503|489|525|451|2016-09-12
atqui|2024-06-18|859|128|139|true|566|46|776|678|207|928|902|931|225|523|691|true|738|false|813|true|735|374.35302931673095|true|false|false|true|106|847|true|true|true|false|titulus|622|84|982|681|2016-12-06
absconditus|2019-07-15|528|54|72|false|8|966|335|95|931|68|979|846|951|854|895|true|574|true|951|false|657|409.8199104752932|true|true|true|false|439|373|true|true|true|true|tribuo|837|122|82|383|2017-05-14
aro|2024-05-14|437|431|915|true|530|832|585|847|773|477|148|640|742|986|734|false|655|true|901|true|795|732.3518461782244|true|true|false|true|996|827|true|true|false|true|quis|737|60|774|400|2019-06-25
avaritia|2020-03-15|816|572|173|true|136|130|920|601|773|486|555|135|356|91|362|true|808|true|861|false|289|486.5912999211687|false|true|true|false|122|772|false|false|true|true|calamitas|445|302|796|789|2019-02-28
sequi|2017-08-02|21|331|157|false|358|231|109|853|369|860|971|905|450|952|798|false|392|true|810|false|982|926.6107523362222|true|true|false|false|170|889|true|false|false|false|expedita|355|136|893|905|2017-12-25
accommodo|2018-05-18|886|974|530|true|547|260|910|91|912|456|301|267|765|383|788|true|314|true|296|false|56|676.3422065890894|true|false|false|true|432|332|false|false|false|false|defaeco|18|739|708|477|2025-10-01
tempore|2025-09-15|530|643|478|true|2|858|628|586|88|82|265|649|9|118|735|false|362|true|467|false|965|545.3758165762425|true|true|false|true|642|215|true|true|false|false|nisi|816|749|641|685|2021-10-24
cenaculum|2021-11-28|716|525|805|true|56|232|695|121|214|38|778|125|876|610|746|true|200|true|690|false|357|987.5163878847294|false|false|false|true|589|607|false|true|false|true|sollers|477|306|157|140|2020-04-14
considero|2023-02-04|416|213|932|false|728|514|245|828|744|769|200|633|774|282|49|true|528|false|184|true|16|246.8623659797683|false|true|true|false|282|795|false|true|true|false|cornu|658|288|109|673|2026-05-22
tamen|2019-12-10|774|804|64|true|8|302|33|542|314|33|480|971|571|391|375|true|10|false|864|true|847|483.4724750475643|true|false|false|true|10|952|false|true|false|false|maiores|69|934|116|783|2022-12-24
aduro|2022-10-31|945|188|942|true|420|520|162|432|76|979|506|7|437|586|316|true|122|false|841|true|807|44.38721862885775|true|false|true|true|453|234|true|true|true|false|conturbo|386|317|56|117|2018-01-08
volo|2023-07-12|884|407|511|true|423|946|922|310|999|251|410|985|676|268|310|true|505|true|925|true|909|1.921649015380611|true|true|true|true|584|943|true|true|false|false|vix|227|306|420|651|2016-09-10
clamo|2018-01-17|804|948|189|true|176|682|435|285|806|643|416|286|802|637|224|false|620|false|360|true|883|445.4114976864801|false|true|true|true|539|864|true|false|false|true|antepono|806|645|707|748|2023-11-27
admoveo|2023-10-26|408|676|238|false|77|66|390|897|847|509|347|614|121|154|718|false|884|true|396|true|212|378.59183634303497|false|true|false|true|465|108|false|true|false|false|animi|421|407|222|357|2018-07-11
ara|2020-11-10|740|346|130|true|405|172|404|456|148|501|781|672|623|241|755|false|811|false|143|true|603|762.3977090606029|true|false|true|false|715|999|true|false|false|true|cernuus|313|343|13|492|2018-02-02
tonsor|2017-12-22|846|227|403|false|552|872|702|941|210|333|946|628|977|22|714|true|512|false|338|true|398|883.2055157548184|false|true|false|false|304|438|true|true|false|true|vorago|826|348|192|975|2025-11-26
apto|2026-05-19|700|328|201|true|66|353|266|831|518|988|726|515|458|463|213|false|846|true|477|false|513|340.14947016838494|false|false|true|false|470|564|true|false|true|true|eius|807|592|487|534|2023-07-07
deleo|2020-02-27|473|443|720|false|884|957|502|830|68|897|174|848|185|347|443|false|514|true|791|false|415|546.6190187806193|false|true|true|true|883|906|true|true|false|false|admiratio|143|483|450|330|2023-08-21
uter|2021-06-11|751|537|602|true|514|662|680|524|966|542|115|175|946|180|222|true|391|false|626|false|911|496.2818530311245|false|true|true|false|657|300|false|true|true|true|creo|882|146|417|433|2024-04-26
defero|2023-04-06|270|656|409|false|180|239|63|36|291|379|410|883|123|162|150|true|51|false|536|false|945|427.9825216448121|true|false|false|false|574|504|false|true|false|false|absens|89|633|766|347|2018-01-22
comedo|2018-06-28|206|560|124|false|64|317|165|977|836|182|450|636|169|210|963|true|494|false|599|false|857|594.558415331477|true|false|true|true|584|367|false|false|true|true|talis|473|726|171|306|2024-07-22
calculus|2025-08-05|504|654|110|true|53|151|626|384|68|91|264|255|791|975|705|true|110|true|530|false|934|383.57690700124357|true|true|false|false|943|419|true|false|false|false|ademptio|14|885|763|21|2017-07-24
delicate|2025-07-25|138|641|923|true|514|750|52|154|892|137|94|287|983|823|468|true|137|true|187|false|901|789.6223961652719|true|false|true|true|298|308|false|false|true|true|stips|488|190|711|215|2023-11-10
succurro|2023-07-20|250|852|480|true|711|605|297|158|782|740|473|140|76|184|741|false|160|false|665|true|60|995.2152141531241|true|false|false|true|777|394|true|true|true|true|at|689|913|63|383|2025-10-26
talio|2016-10-30|364|67|778|false|342|292|184|433|597|529|691|232|164|133|812|false|900|false|802|false|569|682.156537054778|true|false|true|true|125|706|false|false|false|false|aeger|228|720|292|995|2017-06-27
volup|2018-07-28|372|597|735|true|302|152|313|647|381|355|93|463|847|503|38|false|327|true|553|false|503|511.0851805070918|false|false|true|true|196|730|false|false|false|true|comis|69|99|313|651|2025-02-26
quia|2021-05-27|201|884|410|false|563|320|447|50|146|575|157|738|762|23|662|true|19|false|218|false|205|812.0454585855005|false|false|true|false|1|783|false|true|true|false|approbo|545|758|233|518|2021-11-17
suppono|2024-03-16|115|454|907|false|911|536|828|432|506|142|952|10|437|219|215|false|538|false|891|true|780|109.73465046726471|true|true|true|true|525|498|true|true|true|false|bene|438|939|409|822|2025-09-18
comedo|2025-09-30|792|22|183|false|498|598|78|685|458|896|652|929|312|637|411|false|595|true|137|true|367|479.8752894045262|false|false|false|false|593|576|false|false|false|false|canto|284|167|957|425|2021-04-25
paulatim|2017-08-06|299|213|9|false|912|702|449|993|125|238|419|34|785|809|492|false|115|true|839|false|102|828.6873917050905|true|true|false|false|311|961|true|true|false|false|comes|12|732|968|45|2021-06-12
celer|2020-08-24|995|472|913|true|754|574|551|181|91|758|142|934|122|600|760|true|529|true|725|false|686|876.579923983234|false|false|true|false|884|367|false|false|false|true|vobis|579|31|175|586|2023-06-20
suscipio|2025-06-17|195|824|597|true|163|396|120|289|158|433|527|16|671|134|741|false|158|true|247|false|233|504.58646484408666|true|true|false|true|307|279|true|true|true|true|corpus|376|33|877|188|2023-12-08
victoria|2017-07-01|107|398|630|true|594|252|840|992|143|994|727|427|929|968|390|false|187|true|989|true|606|300.88830035287384|false|true|true|true|148|555|true|true|true|true|caveo|602|642|840|106|2022-09-03
sperno|2017-10-23|981|196|597|true|613|397|489|507|330|417|818|347|437|990|191|true|399|true|983|true|380|813.9057643333043|false|false|false|false|11|283|false|true|true|true|denuncio|946|481|887|448|2018-10-07
talis|2018-11-07|946|836|13|false|337|952|240|415|892|92|66|266|32|974|900|false|763|false|718|true|892|364.48408015107424|false|true|true|false|740|953|false|false|false|true|vulariter|854|186|519|140|2021-01-26
nulla|2024-09-01|301|484|355|false|359|248|833|789|882|134|24|976|435|236|61|true|596|true|535|false|697|239.59915661917063|true|false|true|false|25|830|true|false|false|false|minima|947|484|49|960|2020-09-08
dolores|2017-04-20|37|19|403|true|208|642|292|113|479|508|337|732|662|157|111|false|796|true|635|false|143|162.24347502496138|false|false|true|true|359|962|false|false|true|false|aggredior|582|161|161|130|2021-05-27
summopere|2021-03-20|341|268|63|false|933|382|232|776|926|619|507|554|81|162|406|true|868|true|190|false|242|906.9273059240701|false|false|false|true|76|730|true|false|true|false|vallum|315|790|515|700|2018-09-30
quas|2021-12-07|126|796|904|true|39|49|903|188|195|134|324|416|335|26|447|true|744|true|692|false|769|423.126788633061|false|false|true|true|713|666|true|true|false|true|ipsam|414|233|460|209|2020-11-27
inflammatio|2022-11-14|907|171|217|true|421|194|276|350|832|777|935|338|714|118|169|true|215|false|215|true|748|242.13503919497515|true|true|true|true|23|84|false|false|true|false|viriliter|716|258|116|655|2025-08-17
verbum|2017-08-07|304|870|18|false|412|896|130|230|983|607|64|91|415|445|242|true|819|false|925|true|591|281.7668808207945|false|false|false|true|760|796|false|false|true|true|caelestis|426|990|288|980|2026-04-17
vulgivagus|2022-07-28|754|993|904|false|724|830|865|383|934|623|737|102|938|251|780|true|588|false|716|true|98|324.6882226797375|true|false|false|true|163|799|false|true|true|true|crepusculum|392|356|958|675|2022-02-23
amplexus|2025-08-02|701|616|733|false|374|637|745|483|437|220|216|356|776|920|418|true|652|false|924|false|16|811.0759049661998|true|false|true|false|232|584|false|true|true|false|agnitio|592|40|873|437|2018-07-05
ciminatio|2021-06-02|258|973|952|true|395|975|237|812|700|291|36|734|674|409|143|false|149|true|706|false|484|394.3806823088609|true|true|false|true|952|387|false|true|true|false|demens|174|579|709|784|2022-05-27
asporto|2023-01-15|868|634|503|false|603|665|369|848|173|854|757|352|300|793|337|true|573|false|378|true|180|568.291789252113|false|false|true|false|41|326|true|true|true|false|pax|590|56|24|68|2019-02-19
autem|2024-04-04|389|857|127|false|744|296|57|603|633|487|847|608|464|111|65|false|434|true|380|false|999|133.8723987127025|false|true|false|true|235|758|true|true|true|true|audacia|190|740|718|415|2023-09-22
voluntarius|2023-08-16|972|582|984|true|202|327|210|691|67|715|635|578|284|89|808|false|892|true|703|true|303|847.8580526645286|true|true|false|false|807|579|false|false|true|true|cubitum|898|72|409|204|2022-04-23
coerceo|2018-09-17|399|102|619|true|103|511|854|28|846|990|460|76|859|408|774|false|236|false|382|true|311|796.9089051328532|true|true|false|true|371|6|true|true|false|false|arbustum|221|164|848|708|2022-05-02
clam|2022-11-03|705|583|738|false|871|358|964|822|602|735|871|85|341|199|32|true|843|false|948|false|831|549.03428549069|true|true|true|true|502|804|false|false|true|true|strues|874|294|340|609|2023-10-05
tego|2026-04-28|251|316|483|false|262|599|136|367|230|17|516|820|887|26|776|true|460|true|477|true|14|409.37160789512217|true|false|false|true|423|228|true|true|true|true|tendo|375|493|625|86|2017-11-10
capillus|2019-11-12|203|234|813|false|847|964|602|691|785|6|859|482|613|976|330|true|960|true|965|true|206|901.1510671015399|false|true|true|true|38|789|false|true|true|false|dolor|885|773|10|838|2023-08-18
ipsum|2019-01-04|290|858|833|true|644|904|190|114|816|867|297|819|266|635|922|false|759|false|201|false|667|155.43230311531775|true|true|true|true|579|787|true|true|true|false|dolor|522|201|252|608|2022-10-18
tergeo|2023-03-13|753|414|593|true|141|287|460|726|537|997|851|577|175|776|142|false|332|true|833|false|562|150.75544638892947|false|false|false|true|138|179|false|false|true|false|audax|450|98|676|221|2023-08-26
animadverto|2024-01-30|803|68|688|true|80|8|506|632|132|646|884|501|246|429|900|false|343|false|152|false|231|301.60886320554516|false|true|false|false|148|663|true|false|false|true|catena|9|2|441|770|2022-07-31
vilitas|2026-06-28|154|975|406|true|11|700|417|639|872|50|44|199|190|791|207|false|771|false|143|false|949|885.9011576269075|false|true|true|false|949|328|true|false|false|true|ultio|106|358|999|878|2018-02-03
basium|2017-04-07|567|71|810|true|240|999|788|823|350|615|184|117|545|748|6|false|946|true|682|true|882|719.849381558153|true|true|false|false|667|910|true|false|false|true|labore|181|257|237|972|2024-03-01
bos|2018-11-08|183|43|131|true|881|220|307|12|717|311|416|26|689|992|934|false|456|true|848|false|555|459.8816210996923|false|true|true|false|383|927|true|false|false|false|complectus|206|454|490|327|2025-04-08
urbs|2020-09-27|378|210|394|true|221|576|856|997|820|436|176|946|351|994|660|true|870|false|568|false|477|219.03277606797354|false|true|false|false|995|107|true|false|false|false|curatio|895|748|65|771|2021-11-14
vesica|2025-09-01|451|24|166|true|254|710|595|687|560|374|757|40|751|766|76|false|586|true|353|true|592|705.0499287253878|false|false|false|false|2|496|false|false|false|true|vitiosus|410|221|33|228|2024-09-08
aro|2023-05-29|199|868|883|false|953|457|412|204|802|752|776|841|665|247|417|true|900|true|319|true|972|222.58153817984962|true|false|false|true|681|459|false|false|true|false|cur|605|713|563|922|2019-08-23
crepusculum|2017-12-05|732|780|701|false|306|668|604|837|983|405|504|817|528|926|904|true|573|false|612|true|363|904.2115645302672|false|true|true|false|573|826|false|false|false|true|amicitia|662|681|60|606|2016-09-26
subnecto|2019-02-18|978|683|913|true|198|386|469|651|716|354|830|615|713|868|829|false|620|true|410|true|568|994.6713196701849|false|false|true|true|267|862|true|false|true|true|ea|526|269|934|742|2017-03-13
speciosus|2018-05-01|817|309|854|false|590|42|227|392|933|731|182|440|1|920|18|false|160|true|780|false|933|43.46286643525921|true|false|true|false|562|1|false|true|false|true|suscipio|259|762|899|527|2025-08-31
cubicularis|2023-02-23|204|325|275|true|477|866|811|36|900|513|111|557|980|2|792|false|161|true|574|true|752|3.8523412925997036|true|true|true|false|174|605|true|true|true|false|compello|765|434|259|283|2018-08-03
error|2021-09-07|931|326|937|false|848|300|544|320|535|109|541|968|75|345|838|false|212|false|223|false|449|838.0880319542983|true|true|true|false|556|739|false|false|true|true|deleo|656|190|872|637|2018-05-31
casus|2016-08-05|951|173|61|false|233|211|11|12|298|365|124|636|665|385|408|true|417|false|379|false|128|253.30978336504774|true|false|true|true|844|335|false|true|true|true|spoliatio|365|70|509|256|2022-05-28
surculus|2020-08-24|213|81|720|true|87|411|150|354|898|949|945|340|737|487|519|false|435|true|63|false|78|285.23664758967425|false|false|true|true|25|634|true|true|true|false|aliqua|259|507|987|868|2019-11-08
attero|2024-03-08|269|606|238|false|48|199|41|657|377|509|457|684|594|884|352|false|416|false|547|false|437|447.270582586776|true|true|true|false|592|450|false|false|false|false|molestias|25|733|377|498|2020-07-31
venio|2021-07-18|939|13|936|true|286|33|158|168|984|741|896|193|728|603|260|true|734|false|878|false|890|323.3917317119922|true|false|true|false|677|768|false|false|true|false|architecto|266|290|425|105|2022-08-08
ulterius|2026-06-06|517|265|379|false|635|380|335|772|20|254|165|287|541|670|715|false|58|true|832|false|423|704.7136614699324|true|true|true|false|476|133|false|true|false|false|verus|208|522|296|720|2019-03-01
stips|2021-05-17|129|138|560|true|685|996|935|758|458|279|201|629|872|955|784|true|489|false|406|false|406|92.22859227698999|true|true|false|true|162|818|false|true|true|true|contra|132|850|948|386|2019-09-15
arma|2017-08-17|408|250|715|false|674|106|377|567|249|710|46|893|604|85|7|false|299|true|456|false|581|527.0192421217463|true|false|true|false|665|822|false|false|false|true|eum|469|63|734|973|2019-05-13
dolor|2024-08-16|799|228|740|false|241|758|56|135|587|954|811|454|50|36|798|false|215|true|698|true|522|264.78764265667576|true|false|false|true|672|142|false|true|true|true|tempora|979|953|860|695|2022-02-15
deprimo|2023-12-30|236|447|695|false|653|150|964|223|435|113|614|570|710|829|366|true|546|true|395|true|348|95.95623846613721|false|true|false|false|482|765|false|false|false|true|cado|436|867|104|743|2025-12-19
communis|2023-09-28|179|407|70|false|96|214|67|756|287|907|292|412|602|716|954|true|741|true|265|true|157|92.08969520647537|false|false|false|true|487|757|true|true|true|false|amo|50|95|597|699|2021-10-23
cimentarius|2019-07-20|458|496|169|false|265|998|534|868|90|673|762|664|976|352|887|true|441|false|194|true|806|196.26229020096554|false|false|true|false|401|543|false|false|false|true|textus|418|740|747|680|2021-12-09
casus|2023-02-09|582|935|754|true|352|787|35|78|319|595|141|397|935|814|350|true|653|true|61|true|891|363.36549264419506|true|false|true|false|281|997|false|true|false|true|certus|129|991|180|301|2025-11-17
cito|2017-03-19|599|248|549|true|206|954|123|379|345|667|204|402|352|913|235|true|23|true|981|true|865|825.7664862898495|true|true|true|true|204|30|false|false|true|false|modi|316|672|256|934|2019-06-12
pauci|2022-06-04|101|681|583|false|750|606|120|671|650|243|400|900|452|260|99|true|361|true|383|true|719|576.5512317817994|false|false|true|false|214|377|false|true|false|false|attero|476|753|119|942|2018-09-17
aperte|2022-05-02|824|270|225|false|534|896|192|83|303|688|651|513|747|722|951|true|996|false|927|false|937|284.49780764000053|false|true|false|true|773|580|false|true|false|false|reiciendis|775|995|316|374|2017-04-10
amaritudo|2020-11-26|817|719|866|false|79|449|437|846|467|431|495|163|543|355|595|true|991|false|504|false|929|312.3985956138058|false|false|false|false|108|137|true|true|false|true|demulceo|619|909|906|806|2017-01-10
denuncio|2016-10-07|736|351|680|false|208|344|303|534|962|874|829|759|641|207|799|true|998|false|284|false|121|309.32488293603035|false|true|true|true|815|303|false|true|false|true|cruciamentum|672|898|980|478|2019-02-03
ea|2019-01-07|207|136|56|false|974|957|520|403|98|562|7|791|162|133|603|false|538|true|938|true|949|891.6691388802147|false|true|false|true|96|818|true|false|false|false|deporto|250|951|451|5|2019-01-20
vix|2024-06-30|853|386|161|true|791|319|562|488|71|326|960|320|187|477|797|true|292|false|573|true|275|830.9168616282226|true|false|true|true|825|489|true|false|true|true|ait|846|9|271|988|2016-11-05
ventito|2019-11-16|760|313|173|true|604|56|693|349|624|965|296|672|707|373|177|true|808|false|22|true|373|658.4621985132338|true|false|false|false|198|194|true|false|true|true|summisse|490|375|516|137|2019-08-11
validus|2019-05-26|702|196|542|false|814|780|652|941|979|799|43|96|463|267|853|true|249|false|393|true|265|67.56219774323257|false|true|true|true|744|42|true|false|false|true|vae|328|85|325|641|2022-09-18
facilis|2018-03-17|708|442|639|false|750|173|356|787|69|536|839|936|943|110|45|true|246|true|868|false|555|224.63920043918006|true|true|false|true|526|732|false|true|false|false|crapula|672|839|419|598|2024-02-22
consuasor|2022-10-27|966|28|718|false|416|945|254|272|10|31|747|473|913|444|616|false|897|false|360|false|734|453.6612131801764|true|false|false|true|343|521|false|true|false|true|certus|928|963|990|724|2021-11-16
animi|2026-07-01|683|35|136|false|263|945|304|579|324|511|298|292|637|222|935|true|344|true|23|false|788|179.25712169222118|true|false|false|true|666|769|true|true|false|false|desidero|571|219|610|886|2024-06-11
curvo|2018-07-18|326|109|597|true|190|382|180|532|573|660|168|199|651|483|643|true|288|true|528|false|839|126.19252865716513|true|true|true|false|59|810|true|true|false|false|turba|367|370|482|616|2018-04-02
est|2020-06-11|448|763|297|false|391|554|357|204|912|344|786|63|532|958|157|false|374|false|334|false|199|175.07227273282544|false|true|false|false|130|970|true|false|true|false|crebro|943|783|817|800|2024-04-24
adsidue|2025-05-27|620|519|934|true|819|775|830|512|552|401|550|280|37|668|977|true|665|true|109|false|783|513.5819626112199|false|true|true|false|904|606|false|false|false|true|sortitus|66|287|341|619|2016-11-12
tamdiu|2023-07-26|922|190|386|true|455|680|299|304|875|168|286|990|493|812|449|true|971|true|804|true|108|151.37860678537572|true|true|true|false|191|626|false|false|false|true|delectatio|856|517|84|930|2017-12-02
atrox|2023-07-04|762|667|873|true|504|12|240|178|756|405|323|418|77|707|535|false|267|false|286|false|8|666.3423191596976|true|false|false|false|411|697|true|true|false|true|amplexus|552|361|399|890|2019-09-19
cubitum|2022-08-04|263|36|795|true|500|503|746|122|50|643|677|277|574|90|402|false|189|false|826|true|287|576.5314271430487|true|true|true|false|202|588|false|false|false|true|vinco|70|999|434|602|2022-05-14
dedico|2023-10-29|395|182|420|false|386|683|239|968|853|707|362|251|508|329|716|false|287|true|664|false|899|230.423110604418|true|false|true|false|590|107|true|true|false|true|video|100|394|953|191|2022-02-03
causa|2023-02-23|813|55|579|true|98|750|37|300|471|225|115|658|357|296|309|true|779|false|729|true|441|482.3419390053472|true|false|true|false|43|731|false|false|true|true|curatio|851|638|597|499|2023-06-06
terminatio|2018-10-12|262|497|684|true|954|92|750|381|716|535|694|491|820|557|736|true|808|true|0|true|807|189.9447260137578|true|true|false|false|670|723|false|true|false|false|animadverto|600|0|701|319|2022-07-07
adnuo|2026-03-16|654|727|375|false|577|176|855|196|308|993|684|962|60|751|918|false|474|false|543|false|376|834.3566483629444|true|true|true|true|492|757|true|true|true|false|voveo|732|482|69|953|2019-08-24
vos|2026-04-19|842|82|247|false|230|572|628|883|783|136|592|354|503|241|667|false|425|false|158|true|769|341.9397705036742|false|true|true|true|732|848|false|true|false|true|absque|306|7|900|701|2018-12-27
basium|2025-10-11|65|855|923|true|512|630|971|350|329|886|101|998|294|711|134|true|382|true|467|true|251|369.03715192425256|false|false|true|false|486|1|true|true|false|false|pecto|250|161|466|661|2022-07-28
tempora|2019-12-18|711|35|4|true|673|583|302|148|509|439|603|843|261|491|402|true|68|false|827|true|337|4.387816342503403|true|true|true|true|597|694|false|true|true|false|argumentum|194|490|857|671|2019-12-24
quae|2022-07-09|830|724|993|false|694|482|500|559|288|602|909|139|97|883|397|true|497|false|982|true|872|42.26660251381953|true|false|false|true|559|442|false|true|true|false|vomica|800|775|571|653|2017-09-01
architecto|2022-10-14|720|249|753|true|289|738|441|32|924|300|896|301|339|884|693|true|838|true|500|false|683|281.27877402610324|true|false|false|false|867|125|false|false|true|true|barba|439|760|492|151|2018-09-05
auctus|2018-10-23|54|617|537|true|589|699|692|861|504|677|250|92|253|645|551|false|121|true|761|true|162|741.084754223655|false|false|false|false|418|741|true|true|true|false|sublime|509|303|850|656|2017-02-13
ventosus|2019-01-21|481|648|90|false|643|660|675|321|97|224|218|21|405|522|711|true|655|true|849|true|613|760.8679095014086|false|false|true|false|885|803|true|false|true|true|civitas|175|400|291|235|2017-05-14
aurum|2018-03-15|946|265|929|false|630|418|665|394|320|486|655|337|415|567|623|true|740|false|150|false|538|509.3774482937191|false|true|false|false|947|630|false|false|true|true|studio|405|741|259|420|2020-07-19
adipiscor|2022-04-13|637|148|920|true|133|167|47|732|44|985|848|753|504|380|854|true|229|false|736|false|110|793.6683790421571|true|false|true|false|116|451|false|false|false|false|communis|999|111|985|504|2026-07-08
textus|2017-10-12|259|345|828|false|844|521|605|750|102|895|467|738|499|270|52|true|202|false|645|true|158|911.9716433098242|false|true|true|true|666|354|true|false|true|false|aestivus|971|299|603|52|2022-05-26
quam|2020-05-22|194|851|635|true|858|540|280|128|414|944|596|481|565|963|469|false|283|false|615|false|190|34.48413653572779|false|true|false|true|370|544|true|false|false|false|armarium|419|667|770|88|2016-12-01
aranea|2024-06-20|536|780|453|false|801|26|297|481|161|138|207|549|683|65|212|true|380|false|471|true|795|420.95623496617407|true|false|true|true|220|396|false|true|true|false|molestias|863|571|581|344|2018-09-02
tristis|2026-05-26|300|25|914|false|334|369|581|777|780|208|297|889|877|814|439|false|856|false|75|false|295|41.388997499287264|true|false|true|false|539|563|true|true|false|false|debitis|158|380|168|537|2019-01-21
sordeo|2019-09-29|150|983|190|true|17|33|478|944|38|832|616|577|629|365|835|false|638|false|482|true|113|197.36663360349604|false|false|false|false|10|36|false|true|false|false|vix|765|621|56|53|2022-05-21
supra|2021-07-12|231|156|947|false|161|764|239|917|449|835|540|15|142|112|595|true|512|true|483|false|330|808.8461169192936|true|true|false|false|267|700|true|false|true|false|arguo|585|206|283|423|2020-10-22
ipsam|2021-06-01|50|546|75|true|132|917|455|68|28|332|472|200|800|424|845|true|163|true|157|true|12|101.7629415932031|false|true|false|false|590|908|false|true|false|true|aspicio|176|547|50|124|2020-08-15
truculenter|2022-03-10|754|539|445|true|223|356|809|175|802|335|970|938|790|538|917|true|959|true|563|true|790|386.7272581594101|false|true|true|true|60|646|true|true|true|false|consequatur|899|821|468|485|2024-03-07
omnis|2024-03-27|814|288|405|true|198|796|812|102|357|953|32|466|869|12|447|true|709|true|925|true|236|639.3716194791567|false|false|true|true|648|294|false|false|true|true|cervus|424|884|211|925|2018-11-21
velociter|2024-08-04|572|420|426|false|27|882|144|910|695|264|96|209|216|966|740|true|143|true|427|false|681|376.94830273050985|false|false|false|false|401|320|false|true|false|true|defessus|301|1|719|169|2017-05-11
aestivus|2022-04-27|644|925|390|true|195|290|240|117|976|111|373|604|288|427|225|true|278|false|930|true|948|652.6367355046835|true|false|true|true|878|936|true|false|true|true|canto|608|576|714|563|2019-07-23
aptus|2019-01-18|479|167|666|true|958|128|795|166|77|113|318|536|194|347|261|false|724|false|177|true|778|910.4225985111459|true|false|true|true|826|460|true|false|false|false|minima|663|162|11|210|2023-08-04
cariosus|2024-12-04|477|538|979|false|859|857|643|5|766|26|372|583|299|85|388|true|396|false|238|true|966|584.4661218138104|false|false|false|false|643|94|true|false|true|true|creo|495|854|39|49|2020-09-29
acer|2025-03-16|549|121|340|false|153|438|681|724|551|970|673|761|774|236|252|true|988|true|75|true|593|983.9549131169044|false|true|true|false|793|895|true|true|true|true|pectus|777|342|897|815|2016-07-27
somniculosus|2021-09-16|389|103|748|false|283|100|372|430|712|872|628|698|962|569|343|true|93|true|437|false|555|817.2830946965424|false|true|false|false|389|963|true|true|true|true|ultio|24|29|408|130|2017-08-16
vae|2021-11-06|400|661|468|true|734|680|251|931|433|618|766|608|3|58|506|true|306|true|67|true|167|922.2565561953785|false|false|true|false|823|949|false|false|true|true|necessitatibus|345|149|805|310|2016-09-25
cotidie|2017-05-26|613|461|221|false|261|483|324|212|998|174|280|717|914|255|500|false|86|false|420|false|391|906.3901217890306|false|false|false|false|539|228|true|false|true|false|vehemens|639|286|506|867|2025-04-12
cubo|2017-07-20|710|15|722|true|627|386|971|19|829|928|130|637|29|781|150|false|962|true|25|false|281|577.1688510062527|false|false|true|false|903|678|false|false|false|true|architecto|765|460|844|994|2017-03-25
sapiente|2018-10-07|440|108|130|false|456|947|787|999|945|211|646|518|96|768|637|false|312|true|926|true|185|311.2922949334075|true|false|true|true|384|616|false|false|true|true|provident|260|233|272|354|2023-05-07
eius|2016-12-22|306|94|380|true|566|106|77|389|325|804|170|287|882|278|831|true|950|true|878|true|992|529.3735301539834|false|false|true|true|213|227|true|true|false|true|bellum|405|318|930|58|2024-08-09
aut|2016-10-29|417|600|865|false|776|340|320|172|332|574|992|173|79|896|334|true|128|true|847|true|825|529.0676571563145|false|false|false|true|807|628|false|false|false|true|tui|496|981|229|153|2022-10-05
vorago|2024-03-29|990|342|52|false|345|477|28|536|285|74|560|829|238|769|480|true|1000|false|65|false|975|731.1962696143937|true|true|true|false|532|196|false|false|false|false|culpo|986|795|376|560|2017-05-11
possimus|2018-05-14|803|880|172|true|870|63|976|725|522|616|105|323|452|327|266|true|241|true|893|false|584|680.6290863072641|false|false|true|false|528|480|true|false|true|false|averto|960|850|90|850|2025-06-08
autem|2020-08-27|654|211|369|true|608|978|282|394|932|919|944|30|95|854|241|true|348|true|197|true|452|171.0949578357812|false|true|false|false|101|728|false|false|false|true|constans|87|123|590|307|2021-01-26
reprehenderit|2018-11-19|495|507|601|true|433|103|67|365|960|522|654|447|441|456|270|true|285|false|491|false|196|636.3750828683624|false|true|false|true|274|91|true|false|true|true|sordeo|162|382|83|138|2019-06-06
synagoga|2026-01-10|521|847|732|false|251|463|168|396|741|804|635|81|541|700|531|true|183|true|167|false|282|775.3790245462213|false|true|false|false|5|419|false|true|false|true|aranea|731|282|179|372|2016-08-18
temptatio|2025-10-04|575|549|583|true|286|898|675|55|955|381|130|319|966|693|801|false|261|true|388|true|313|885.0809972735229|false|true|false|false|102|533|false|true|false|false|canonicus|706|874|469|424|2019-09-24
accommodo|2022-06-24|164|127|515|true|896|346|321|955|838|278|285|142|436|349|48|true|758|false|955|true|827|833.6145372936683|false|true|true|true|571|226|true|true|true|true|solio|271|900|948|340|2020-11-14
sulum|2025-12-03|41|562|485|true|993|647|800|590|351|347|184|654|349|170|548|true|970|true|381|false|290|547.1368541608425|false|true|true|false|610|926|false|true|false|true|viriliter|830|950|815|641|2019-05-09
vivo|2024-05-09|187|929|267|false|461|285|727|228|96|267|422|805|993|636|452|false|584|true|235|false|9|568.1954453928994|false|true|false|false|228|788|true|false|false|false|vulnus|764|696|640|87|2025-08-11
venio|2025-11-02|638|243|923|true|9|273|329|220|971|670|852|231|348|514|250|false|400|false|172|false|216|321.9311816891491|false|false|false|false|491|75|true|true|true|true|caterva|629|78|430|134|2024-11-19
curto|2023-09-08|587|89|328|true|952|52|22|434|582|761|983|755|779|910|943|false|163|true|321|true|697|313.8549120103613|false|false|true|true|532|639|false|false|true|true|clamo|304|937|996|668|2023-06-17
depopulo|2022-09-29|61|241|755|true|131|915|201|324|95|603|61|999|394|347|277|true|570|false|772|true|114|310.21411605090856|true|true|true|true|268|573|false|true|true|false|abbas|570|666|82|251|2025-08-02
patruus|2024-12-23|818|221|347|true|320|172|20|368|428|984|360|648|205|110|492|false|304|false|933|false|730|439.2136869140376|false|false|false|true|945|611|false|true|false|false|defendo|941|74|417|761|2017-11-23
caute|2017-08-21|789|134|460|false|865|79|898|899|686|96|116|63|473|275|142|true|911|false|508|true|849|204.77559795265643|true|false|true|false|376|501|false|true|false|true|undique|721|638|257|196|2021-05-07
pauci|2022-06-13|385|114|353|false|147|765|889|556|705|879|313|735|929|247|741|false|786|true|479|true|896|296.5688709041602|true|false|true|true|672|979|false|false|false|true|callide|182|79|320|945|2025-03-16
canis|2021-07-01|420|512|94|false|754|918|772|405|481|855|520|511|61|560|67|false|452|true|936|true|814|731.0223881762067|false|true|false|true|532|488|true|true|false|false|aequus|595|499|155|871|2022-03-07
adipiscor|2023-12-23|95|668|397|false|271|360|884|375|552|484|480|561|242|65|295|true|695|true|80|true|637|276.35254293470825|true|true|true|true|692|725|true|false|true|false|tergiversatio|537|115|187|976|2019-06-17
optio|2025-12-25|123|479|135|false|662|411|398|182|927|731|33|373|750|264|137|false|298|false|325|true|397|674.7543359713814|false|true|true|true|263|527|false|false|false|false|annus|212|306|314|851|2020-08-03
cultellus|2025-10-12|307|557|256|true|359|221|365|223|898|765|110|973|799|428|522|false|526|false|750|true|793|50.61533959022479|true|true|false|true|303|745|false|false|true|false|arx|200|696|837|109|2018-06-28
iure|2024-03-21|389|195|647|true|213|74|912|363|47|456|837|728|470|941|375|true|397|true|485|false|666|519.4434902620812|false|false|false|true|303|161|false|true|false|false|confugo|888|553|303|358|2025-01-30
cornu|2019-05-14|183|478|186|false|756|519|356|370|525|843|375|842|65|839|682|true|82|false|452|false|808|938.8865883578515|true|false|false|true|155|272|false|true|true|true|substantia|335|385|526|198|2017-03-14
amoveo|2024-09-22|212|118|93|false|723|329|992|223|188|824|354|393|517|36|66|false|433|true|812|true|308|569.6285024703823|false|true|false|false|71|791|true|false|false|false|confugo|859|232|648|192|2018-08-02
commemoro|2023-03-26|547|935|574|false|491|154|165|43|607|594|525|673|81|55|123|true|97|true|813|true|969|833.9992551471088|true|true|false|true|523|324|true|true|true|true|curis|587|792|771|264|2019-05-04
admitto|2025-08-01|205|328|814|false|463|265|122|163|814|430|225|630|374|321|258|true|710|false|762|false|225|129.60592328527255|false|true|false|false|340|226|false|false|true|true|repellat|952|753|239|474|2018-08-24
vesica|2021-04-18|3|989|447|false|370|501|831|266|997|231|309|879|13|622|710|true|482|true|279|false|54|756.1628085741736|true|false|false|false|903|165|true|false|true|true|creator|232|7|720|313|2022-09-18
vereor|2023-12-20|160|481|276|true|619|195|78|479|522|949|555|387|465|103|258|false|739|true|906|true|73|198.24395854630794|false|false|true|true|640|604|true|false|true|true|cena|738|898|291|447|2021-05-12
demum|2021-06-20|190|311|138|true|918|924|223|586|365|192|414|65|608|399|453|false|786|true|849|true|814|240.50077254124426|false|false|false|false|537|79|true|true|false|false|cinis|52|837|904|942|2025-09-19
adulatio|2024-02-26|418|678|535|false|372|804|365|192|136|302|741|869|665|260|411|false|678|false|620|false|93|680.4203524878869|true|true|false|false|607|133|false|true|true|true|vulnus|410|197|835|585|2022-07-30
thesis|2025-12-06|667|981|20|false|314|166|541|399|193|925|578|956|453|367|752|true|720|false|889|true|892|808.5803380719619|true|true|false|true|593|402|true|false|true|false|delibero|490|748|320|691|2022-08-23
ager|2017-08-18|389|422|335|true|449|907|874|226|101|856|136|256|987|718|526|true|599|false|239|false|449|203.16053656511025|true|false|true|false|228|480|true|false|true|false|cohaero|40|406|213|219|2019-11-04
inflammatio|2025-06-23|450|896|389|false|847|828|559|976|475|458|573|15|0|609|930|false|166|false|308|false|473|599.2158333673976|false|false|false|true|329|142|false|false|false|true|victoria|992|593|510|247|2016-09-25
adfectus|2017-09-07|941|914|5|true|336|875|731|399|752|161|984|460|627|412|814|true|934|false|451|true|187|182.49006801295343|false|true|false|false|91|67|true|true|false|false|bonus|52|777|639|556|2017-07-10
tristis|2025-12-26|392|292|467|false|659|949|863|993|648|440|960|220|984|4|624|false|598|true|290|false|591|157.29926621212675|true|false|false|true|179|19|true|true|true|true|tempore|814|262|143|505|2025-06-24
colo|2022-08-22|143|724|969|false|377|294|574|944|499|50|171|458|336|532|204|true|944|false|230|false|901|332.48523574125824|true|false|false|true|354|194|false|false|false|false|corporis|492|867|460|475|2024-06-15
curriculum|2022-01-13|525|853|648|true|977|457|604|937|461|413|943|145|658|241|699|true|525|false|53|false|68|92.52829701842147|false|false|false|false|144|76|false|true|false|false|delibero|632|896|74|238|2023-10-14
vilitas|2021-08-17|560|157|606|true|474|840|379|41|190|999|560|897|754|258|987|true|639|true|913|false|291|236.50497720673025|false|true|false|true|234|814|true|true|true|false|suspendo|159|921|834|553|2026-06-18
ventito|2020-07-04|528|275|45|true|889|481|353|835|992|403|458|973|562|194|778|false|937|true|79|false|547|840.484339788779|false|true|false|true|957|738|false|true|false|true|clam|250|498|17|965|2025-05-12
armarium|2023-11-22|770|44|103|true|212|719|92|387|803|115|335|33|408|655|954|false|100|false|468|false|191|58.93654046602448|false|false|false|true|274|145|false|false|false|true|taceo|414|959|97|397|2016-11-13
timidus|2022-01-26|528|247|674|true|93|393|31|483|662|502|572|18|98|781|745|false|261|true|649|true|911|427.7784895486582|true|false|false|false|761|729|false|true|false|false|amor|717|468|584|885|2018-11-14
virgo|2026-06-06|635|856|309|false|94|486|258|685|133|99|795|728|283|361|873|false|162|true|841|false|180|155.18950460366122|true|true|false|true|493|547|false|false|false|true|asperiores|735|993|648|754|2023-10-01
degero|2022-11-13|733|915|906|false|700|832|401|522|115|847|817|871|721|19|596|false|829|false|234|false|658|755.3167562511205|false|true|false|true|934|344|false|true|true|true|subvenio|377|620|330|735|2024-12-08
arcus|2018-09-23|453|954|563|false|61|680|452|76|502|897|836|167|402|913|89|true|628|false|843|true|842|304.630716512314|true|true|false|true|142|942|false|false|false|false|argentum|675|117|444|976|2017-10-11
accusator|2017-02-24|393|562|717|true|106|77|971|519|695|721|794|992|575|178|94|true|555|false|711|false|112|608.6464864739187|false|true|false|true|37|437|true|true|true|false|unus|118|273|497|483|2024-12-13
nobis|2018-06-13|439|543|85|false|577|37|484|724|646|772|911|708|770|55|947|false|440|false|534|false|408|880.894906966831|true|true|true|false|187|315|false|false|true|false|cernuus|368|101|27|806|2017-11-03
assentator|2017-11-11|620|341|641|false|926|717|703|990|607|986|98|717|751|821|161|true|387|true|307|false|528|868.0196618660897|false|false|true|true|906|176|true|false|false|true|accusantium|392|485|87|223|2025-07-20
commodi|2016-10-23|604|137|771|true|93|529|842|545|47|396|401|573|381|138|413|true|116|false|68|false|109|301.2724065194768|false|true|true|false|326|847|false|false|true|false|assentator|816|259|898|999|2019-02-09
valde|2022-09-18|746|757|234|false|125|144|617|479|282|589|355|223|86|502|261|false|562|true|0|true|380|690.7950517235328|false|true|true|false|844|938|false|false|true|true|antepono|930|111|275|372|2019-11-01
tam|2026-07-06|73|547|765|false|505|51|783|277|821|957|496|852|519|51|875|false|37|true|637|false|7|836.9470196713617|true|true|true|false|152|800|true|true|false|true|cetera|125|366|708|855|2023-04-08
avarus|2024-06-23|698|392|253|true|739|662|706|278|118|381|967|579|8|894|572|false|139|false|425|false|567|694.1467192655057|true|false|false|false|888|646|false|false|true|false|theologus|501|971|171|13|2024-03-11
arbustum|2021-12-04|479|578|787|true|752|895|856|959|105|613|616|598|836|87|400|true|253|true|294|false|203|418.9505325253402|false|true|false|false|369|888|false|false|false|true|tardus|242|401|739|162|2026-01-12
averto|2020-06-30|561|841|19|true|870|800|105|777|624|82|281|34|213|419|367|true|605|true|116|true|888|760.325680449971|false|true|true|true|816|319|true|true|true|false|urbanus|370|14|375|544|2017-10-11
texo|2020-02-27|718|666|798|true|435|766|112|380|789|731|569|194|343|937|492|true|409|true|933|false|43|511.85071011391136|false|false|false|true|31|630|true|false|true|true|nisi|756|8|694|313|2025-07-09
mollitia|2024-01-27|791|915|75|true|108|227|540|518|778|387|976|509|634|21|212|true|792|false|112|true|799|800.7028082027076|true|false|true|false|454|157|true|true|false|true|despecto|666|207|328|343|2024-03-29
suppono|2021-02-03|181|65|471|true|490|721|631|168|133|751|99|556|461|879|626|true|538|false|389|false|647|2.076589725347966|false|false|false|true|722|54|false|false|true|true|rerum|40|938|10|49|2021-03-24
tollo|2017-09-30|469|693|2|true|471|897|44|536|989|205|810|428|294|301|734|false|790|false|98|false|678|253.26485821171497|false|true|false|false|638|342|false|false|true|true|contra|640|619|301|806|2026-06-10
abeo|2020-06-27|35|374|987|true|300|502|43|58|223|372|418|630|673|298|407|true|506|false|968|true|364|637.9537631013485|true|false|false|false|398|954|false|false|true|true|teres|428|864|324|423|2018-05-23
ipsum|2019-07-08|554|929|45|false|883|157|148|397|234|61|960|727|677|574|520|true|553|true|504|true|791|29.609928324169644|true|true|true|false|900|847|false|false|true|false|claustrum|256|859|957|788|2020-03-02
ventito|2020-10-11|225|358|766|true|439|364|905|344|355|749|396|627|618|170|145|false|350|false|983|false|440|36.89065839730055|false|true|false|true|806|895|true|false|false|false|tergo|769|461|331|886|2017-04-13
utroque|2019-06-27|488|670|540|false|137|801|612|828|426|37|194|693|727|691|125|true|54|true|45|true|687|836.6175977853973|false|true|false|true|361|18|false|false|false|true|confido|339|651|242|941|2021-01-31
vere|2016-12-09|623|220|923|true|381|254|317|723|232|161|189|633|4|566|817|false|694|false|824|false|528|152.40974270962414|false|false|false|false|552|921|false|false|true|true|uter|863|646|781|99|2022-03-14
demergo|2021-08-10|28|352|850|true|527|651|165|200|919|843|941|995|50|698|824|true|275|true|292|true|433|709.655290222956|true|false|false|true|367|912|false|false|true|false|abutor|928|584|663|297|2024-02-06
demergo|2017-05-09|916|311|432|false|358|113|835|769|686|781|530|573|93|487|249|false|79|true|337|true|827|429.91799759381456|true|true|false|false|264|103|true|false|false|true|calculus|595|303|521|953|2024-04-19
solvo|2021-09-30|193|820|642|true|287|509|354|421|608|30|342|309|531|997|927|false|236|false|422|true|478|877.4618468640894|false|true|true|false|583|990|false|false|false|true|sursum|337|796|8|549|2020-02-12
exercitationem|2025-06-05|769|403|985|false|158|830|801|995|587|361|559|984|644|988|614|true|721|false|891|false|8|272.56451699009233|true|true|true|false|37|5|true|true|false|true|basium|213|262|871|984|2021-02-13
universe|2016-10-22|488|415|480|false|489|199|653|386|880|479|910|176|882|707|716|true|449|false|395|false|84|854.0184871129275|false|false|false|false|379|268|true|false|true|true|depraedor|31|419|948|575|2018-08-11
careo|2022-06-03|441|456|845|true|825|479|485|778|69|765|9|908|175|257|894|true|816|false|732|true|509|5.916615221138288|false|true|false|true|789|628|false|false|true|true|velit|260|660|635|931|2024-11-15
inflammatio|2025-01-21|860|68|755|false|38|550|299|76|495|93|199|492|879|921|489|true|87|true|745|false|843|50.63624318670523|false|true|true|false|639|900|false|true|true|false|desolo|694|189|6|459|2018-01-15
paens|2024-09-07|284|34|562|false|139|530|751|709|954|817|455|856|670|951|236|true|990|false|650|false|242|739.3063837670525|true|false|true|true|564|524|true|true|false|true|condico|766|238|617|552|2017-08-20
pauci|2019-06-07|149|285|597|false|966|298|993|765|591|551|906|892|115|995|490|false|936|false|959|true|546|486.21135422306|false|true|false|true|586|272|false|false|true|false|tantum|921|39|892|254|2017-11-15
creber|2022-11-10|310|26|6|true|453|195|387|627|15|629|195|998|412|713|876|false|242|true|891|true|201|911.190627284989|true|false|false|true|646|521|true|false|true|false|veritas|742|692|368|979|2023-04-10
magni|2023-05-15|218|900|18|true|455|356|462|380|926|526|497|988|807|54|462|false|317|true|814|true|148|4.67519524641391|false|true|false|false|538|542|false|false|true|true|voluptatem|288|366|414|902|2020-12-11
adflicto|2022-06-30|334|614|715|false|228|865|44|778|904|150|525|346|854|517|88|true|47|true|492|true|899|452.11735305657385|false|true|true|false|521|455|true|false|true|false|contra|754|302|859|480|2023-08-11
demo|2017-09-04|276|544|404|true|93|519|987|169|60|343|561|943|71|134|845|true|999|true|134|false|425|83.85685138697174|true|false|false|false|356|124|false|true|true|true|vapulus|94|348|934|274|2020-10-18
beatae|2020-04-23|484|102|584|false|249|61|48|171|976|295|108|578|997|640|902|true|25|true|301|false|516|651.6769715655034|true|true|false|true|973|701|true|false|true|true|suadeo|496|924|981|956|2021-08-07
aegrus|2020-02-15|702|447|377|true|591|125|63|35|175|867|207|559|914|618|919|false|582|true|102|false|612|671.5462049837842|true|false|true|true|475|724|true|false|false|true|depereo|739|746|111|947|2017-08-17
cupiditate|2017-07-25|203|460|278|true|473|250|5|638|533|611|704|132|549|703|204|true|693|false|674|true|380|388.94911440750536|true|true|false|false|991|615|false|true|false|false|perferendis|209|318|855|859|2025-10-21
tantillus|2017-07-22|67|898|461|false|373|871|5|407|629|692|462|726|552|951|904|false|328|false|518|true|378|40.998929409565065|true|false|false|false|64|138|false|false|false|true|suscipit|644|195|801|668|2025-12-02
votum|2020-11-09|608|276|676|true|213|868|823|977|63|218|849|14|869|19|126|false|934|false|162|false|597|906.8107553031832|true|true|true|false|340|884|false|true|true|true|stultus|202|901|638|308|2023-10-23
cunctatio|2022-06-02|946|58|456|false|252|151|638|406|775|38|345|590|29|326|707|false|883|true|634|true|283|610.7721703273801|true|true|true|true|478|238|true|false|true|false|concedo|848|215|259|755|2019-08-26
tergo|2017-04-20|280|20|345|false|948|256|291|903|672|675|353|52|495|54|810|true|707|false|318|true|334|24.567884933642702|false|false|false|false|397|452|true|true|true|false|solio|795|802|502|698|2023-09-24
despecto|2021-04-15|801|920|101|true|454|838|865|863|958|148|818|189|342|10|57|false|403|false|422|true|656|756.6757494515002|false|true|true|true|968|290|true|false|true|false|accusamus|752|640|246|492|2024-08-03
decimus|2025-03-11|668|982|439|false|568|618|888|343|454|608|592|309|18|19|610|true|910|false|941|false|420|313.59885595364887|true|false|true|false|935|954|false|true|true|true|angustus|366|738|147|409|2017-04-22
attero|2026-06-16|492|672|805|false|996|722|773|901|203|504|112|114|203|279|527|false|288|false|73|true|82|594.6481117839373|false|true|true|true|488|260|false|false|true|false|tego|663|515|93|819|2024-09-14
auctor|2017-06-01|175|937|513|true|27|98|453|676|564|419|323|426|478|746|760|true|799|false|681|true|417|759.2420066721199|true|false|false|false|537|689|true|false|false|false|coniuratio|194|68|791|734|2022-06-29
cervus|2026-03-20|520|706|889|false|409|293|542|728|889|284|946|128|946|566|976|true|794|false|547|false|303|302.5147698340676|true|false|true|false|31|21|false|false|true|true|baiulus|185|698|593|625|2024-11-20
attero|2026-01-04|507|768|589|false|450|962|981|334|112|668|776|343|953|580|211|false|70|false|809|true|75|443.03452057304594|false|false|true|true|892|495|false|false|true|true|bonus|94|997|655|677|2023-05-25
auctor|2025-10-14|537|748|973|false|770|752|399|374|251|955|423|877|706|651|780|false|651|true|879|true|831|85.13697710632329|false|true|true|false|638|55|false|false|false|true|volup|397|739|674|225|2017-10-13
videlicet|2025-05-07|177|802|793|false|450|576|561|93|977|878|77|91|970|382|574|true|576|true|720|true|145|817.298348239424|false|false|true|true|301|731|true|false|true|false|colo|746|867|976|935|2022-02-10
nobis|2021-11-22|559|75|423|false|136|116|904|377|330|691|752|118|829|509|7|true|765|false|739|true|982|519.1019896470311|false|false|false|true|963|150|true|true|true|false|aqua|584|78|5|687|2023-06-15
appono|2020-01-07|230|477|194|true|832|214|767|11|265|129|912|966|341|817|75|false|136|true|200|false|231|94.8733500057094|false|false|false|false|161|898|false|false|true|true|defleo|63|698|347|657|2025-04-10
tonsor|2023-02-21|582|253|952|false|589|703|156|78|609|128|841|422|600|283|9|false|872|false|446|false|711|980.4395600895924|false|true|true|false|214|641|true|false|false|true|arbustum|103|989|729|428|2022-10-14
torqueo|2022-05-22|481|414|950|true|708|427|445|161|603|708|113|752|283|603|502|true|977|false|972|true|990|147.8496628004201|true|false|true|true|154|828|true|true|false|false|voluptas|493|63|313|389|2022-08-16
amplitudo|2019-02-10|417|21|546|false|89|465|191|313|980|140|194|809|117|488|110|false|716|false|609|true|758|118.12863811646857|true|true|false|true|249|55|true|true|true|false|tactus|282|266|560|331|2025-10-24
ventosus|2022-11-16|770|265|498|true|667|278|366|607|411|85|804|31|411|983|451|false|110|true|415|false|435|343.135988725912|false|false|false|false|134|30|false|false|false|false|vulariter|520|291|561|259|2019-04-20
suggero|2021-03-24|151|711|330|false|627|845|940|295|250|399|847|496|42|972|801|true|285|true|808|false|732|80.45697783333682|false|true|false|true|789|452|true|false|false|false|demulceo|990|232|242|288|2023-05-06
subseco|2017-10-18|109|766|847|false|655|254|380|909|515|104|420|984|703|934|8|true|377|true|307|false|286|768.5584314330331|false|true|false|false|778|60|true|false|true|false|spoliatio|594|457|803|747|2022-12-29
dolorem|2024-09-06|532|593|652|false|555|933|470|230|470|256|154|268|82|826|83|false|788|true|101|true|584|807.5484193234713|true|false|true|true|616|688|true|false|false|true|crepusculum|348|889|105|862|2020-06-11
aestus|2022-09-09|584|484|827|true|950|990|924|349|388|630|608|348|853|835|774|false|889|false|310|true|12|47.44633398627363|true|true|false|true|36|96|false|true|false|true|aestas|563|177|855|170|2026-04-12
delectus|2020-11-29|11|405|568|true|320|277|525|738|379|938|200|245|752|253|294|false|153|true|210|true|451|207.23730291256902|true|false|false|false|792|7|false|true|true|false|conservo|721|230|838|226|2024-10-11
ara|2024-11-02|372|728|429|false|935|505|51|540|305|220|905|152|453|688|664|true|101|false|40|false|125|57.229593940404385|false|true|false|true|116|949|false|true|true|true|adimpleo|570|577|828|162|2024-06-17
bis|2020-12-17|159|569|919|false|23|457|5|142|128|62|640|894|531|96|616|false|51|true|208|false|977|439.4169937705253|false|true|true|false|369|370|false|false|true|true|vindico|624|692|542|212|2020-02-28
officia|2018-07-18|317|578|982|true|344|644|410|261|363|187|705|899|555|632|861|false|714|true|870|true|111|255.58929535053886|true|false|false|true|689|930|false|false|true|false|aveho|476|982|356|838|2018-03-12
undique|2024-02-07|625|444|217|false|588|783|72|118|974|490|9|362|796|242|699|true|821|false|190|false|359|190.65271050752085|false|false|false|false|434|326|false|true|true|true|defungo|575|372|299|902|2018-03-12
corrigo|2023-01-06|810|247|60|true|635|95|408|706|59|718|584|919|64|16|11|true|678|false|508|false|673|254.36427912211124|false|false|true|false|234|422|false|true|true|true|talio|831|42|161|575|2022-06-05
vaco|2019-08-09|456|521|996|true|977|803|607|875|594|556|74|411|732|291|0|false|342|true|386|false|842|167.2883599076158|false|false|true|false|181|507|false|true|true|true|bonus|820|307|822|254|2016-08-02
vigor|2019-09-06|677|611|401|false|264|650|875|420|53|615|245|276|6|84|569|false|389|true|318|false|696|326.9336741572767|false|false|true|true|719|170|true|true|false|false|creator|182|997|172|528|2016-08-27
suscipio|2020-04-27|413|237|615|false|16|885|906|862|934|329|26|671|843|445|684|true|599|false|413|true|131|740.5037531007258|true|false|false|false|619|807|true|true|false|false|demergo|838|214|169|892|2024-04-13
vox|2026-04-30|519|632|52|true|298|569|980|947|491|669|556|915|760|151|355|false|252|false|880|true|159|427.8649354419448|true|true|false|false|220|972|false|false|false|false|acidus|254|111|485|831|2020-12-07
tamdiu|2018-03-04|647|561|850|false|603|954|853|117|785|494|569|716|302|579|45|true|698|true|64|true|875|74.77774700452467|true|false|false|false|902|222|false|true|false|true|modi|171|920|228|307|2025-02-18
vivo|2021-06-26|878|423|329|false|494|447|969|29|174|884|265|379|519|168|592|true|607|true|860|true|862|604.9780144696921|false|false|false|false|132|12|true|true|true|true|labore|69|783|906|987|2019-05-10
acquiro|2020-02-13|454|232|878|false|164|919|516|80|915|260|979|946|726|608|216|true|133|false|405|true|894|197.27305867460132|true|true|true|false|422|278|true|false|false|true|utpote|789|906|500|657|2016-11-28
amiculum|2020-04-03|629|390|503|true|805|567|893|895|702|515|660|294|12|252|864|false|783|false|257|false|168|533.4982786228595|false|true|false|false|866|855|true|false|false|true|substantia|856|311|911|366|2023-12-30
compono|2021-11-09|819|836|418|true|203|630|511|332|186|59|149|134|670|694|822|true|300|true|684|true|751|599.6611280920157|true|true|true|true|125|480|false|false|false|false|utpote|857|614|937|118|2022-08-25
eveniet|2022-06-06|549|830|50|false|226|145|718|872|633|316|117|142|607|251|246|false|401|true|426|false|912|8.14570551834548|false|false|false|true|38|620|false|true|false|true|vester|529|898|65|823|2017-05-16
campana|2018-09-26|258|676|219|true|580|673|698|143|557|654|702|947|928|249|922|true|148|false|410|false|474|764.2798995735283|false|true|false|false|740|612|true|true|true|false|incidunt|441|405|936|64|2022-11-07
aegrotatio|2021-01-29|518|686|139|false|9|655|264|484|497|114|57|54|413|718|214|true|752|true|361|true|568|864.2590789875549|true|false|false|true|435|384|false|false|false|true|cultura|367|676|545|496|2026-01-06
accusator|2017-12-23|573|771|62|true|647|541|763|535|291|954|46|564|547|969|659|true|693|false|966|false|35|738.3344181066851|true|false|true|true|502|781|true|false|false|false|itaque|733|903|410|874|2018-08-07
crur|2019-03-24|73|956|579|true|666|71|596|414|590|168|295|892|789|788|833|false|412|true|832|false|846|549.8125964219358|false|false|true|true|882|496|true|true|false|false|vespillo|516|339|825|364|2017-03-14
cito|2020-04-12|885|727|592|false|41|384|639|307|872|30|782|282|877|822|474|true|177|true|702|true|258|646.6291043924582|true|true|false|false|209|776|true|false|true|true|stultus|818|888|545|927|2021-02-19
cupressus|2023-01-06|998|512|147|true|957|465|813|383|463|28|888|382|339|219|170|false|974|false|630|false|871|770.4988596864672|true|true|true|true|286|833|false|true|false|true|deprimo|765|356|15|5|2017-05-14
suffoco|2021-01-15|605|147|931|false|307|688|382|44|452|39|928|113|440|19|121|false|45|true|74|false|56|552.8818196938334|false|true|true|false|804|951|true|false|true|true|patria|986|972|874|127|2023-08-16
assentator|2018-06-28|955|681|806|false|44|590|134|66|106|454|259|324|266|21|334|false|35|true|465|false|955|559.6316711890928|true|true|true|false|569|351|false|true|true|false|curo|894|243|363|89|2026-03-05
vaco|2017-07-27|539|629|952|false|857|651|537|401|774|30|856|432|418|767|416|false|863|false|887|true|159|117.7452231351499|true|true|false|true|709|6|true|false|true|true|utroque|95|265|305|625|2024-05-27
canonicus|2022-03-02|63|230|202|true|799|845|860|710|799|779|756|426|264|96|727|false|515|true|343|true|908|616.8704711869894|false|true|true|true|343|595|true|false|false|true|succedo|522|749|610|808|2018-07-15
vester|2024-01-19|437|385|138|false|484|80|554|641|243|886|384|328|952|528|376|true|148|true|575|false|563|111.52296476616964|false|false|false|true|204|856|true|true|true|false|adinventitias|998|629|270|286|2023-01-27
atqui|2022-04-24|995|926|792|true|1|581|402|196|105|487|257|556|159|675|637|false|227|true|72|true|396|297.5981822934719|false|true|false|true|266|533|true|false|true|true|absum|981|468|836|333|2022-09-26
commodi|2022-01-05|43|955|330|false|350|455|272|281|755|815|690|789|109|0|648|true|666|true|47|true|451|743.9607253015776|true|false|true|true|972|729|false|true|false|true|pecco|864|578|772|937|2019-09-19
vigor|2023-08-11|2|393|619|true|897|171|97|114|727|113|576|346|766|507|768|false|957|false|337|true|162|306.831637510122|true|false|true|false|929|581|true|true|true|true|virtus|900|84|463|985|2019-02-13
thymum|2020-03-30|456|518|372|true|143|724|832|21|111|997|182|840|537|2|61|false|458|true|418|false|212|727.6968256842939|true|true|true|false|80|758|false|false|true|false|tabesco|783|436|979|280|2022-09-24
vis|2019-11-16|882|235|734|false|117|611|812|690|226|458|697|328|912|164|8|true|777|true|876|true|333|775.1818356947558|false|false|false|false|610|474|true|true|false|true|umerus|348|902|961|326|2022-03-26
creator|2024-01-21|39|316|924|true|536|637|230|489|675|645|977|658|267|307|293|true|722|true|138|false|803|45.03308777919057|false|false|true|true|219|416|false|false|false|true|victoria|839|677|37|825|2024-07-08
spiritus|2017-08-26|567|505|579|false|805|444|575|383|821|775|189|719|970|676|294|true|488|true|615|false|647|850.890818163463|true|true|false|true|741|617|true|true|false|false|atavus|99|415|357|213|2019-08-13
hic|2016-12-18|207|983|274|true|660|768|987|461|338|187|899|72|830|580|4|false|907|false|269|true|173|999.0942146754772|false|true|true|true|175|46|true|true|false|true|demum|995|990|946|248|2018-08-08
consuasor|2021-11-14|654|117|883|true|156|750|712|36|476|588|347|583|496|440|118|true|637|true|276|true|564|46.663801611449784|false|false|false|false|905|956|false|true|true|true|tollo|807|530|447|485|2026-04-20
terra|2021-01-30|555|0|612|true|964|347|340|277|76|608|601|833|695|644|732|true|745|false|154|false|827|528.394222896705|true|false|true|true|883|544|true|false|false|true|unus|619|231|200|779|2018-12-25
ver|2024-06-16|168|45|735|false|106|459|872|964|753|619|244|230|109|939|544|true|173|true|644|false|307|203.64071519814397|true|true|true|false|147|150|true|true|true|true|constans|687|753|93|778|2024-09-10
deporto|2026-07-15|321|288|323|true|824|747|290|261|24|329|321|628|25|589|106|false|509|true|933|false|695|704.0288450403636|true|false|true|true|69|189|false|true|true|true|suspendo|891|603|563|554|2022-08-11
sublime|2018-07-20|938|710|467|true|210|909|942|992|894|553|286|838|752|346|309|true|616|false|491|false|196|355.5291246795463|true|false|false|true|703|382|true|false|false|false|decens|349|121|576|677|2017-06-01
virtus|2023-03-08|845|367|193|true|74|383|385|722|48|24|555|580|276|209|592|true|60|false|605|false|976|193.7532256193557|true|false|true|false|83|567|true|false|true|false|subseco|188|62|287|467|2017-10-17
veniam|2018-01-10|923|805|702|true|35|744|803|314|166|352|944|79|255|26|781|true|327|true|713|true|742|136.6438095263258|false|false|true|true|936|132|true|true|true|false|dolorem|901|191|70|759|2025-03-23
similique|2018-01-04|170|386|162|false|735|44|785|868|588|828|960|191|894|255|595|true|835|true|992|true|836|350.24013765970716|true|false|false|false|475|499|false|true|false|false|accommodo|140|302|616|321|2021-01-14
patior|2018-09-09|907|171|794|true|638|870|279|142|139|416|330|168|576|232|32|false|514|false|285|false|383|681.1784402065919|false|false|false|false|776|114|false|true|true|false|iste|496|987|420|639|2022-01-18
aufero|2020-11-13|562|571|353|true|416|135|227|689|371|430|725|780|796|710|341|true|774|false|615|true|434|892.2220943227047|false|true|false|true|554|139|true|false|false|false|creo|312|196|57|469|2024-04-29
eligendi|2022-06-29|632|265|684|true|864|621|532|82|826|127|406|259|962|450|799|false|991|true|103|true|155|715.4414982507377|false|true|false|true|202|511|true|true|true|true|appositus|92|630|273|82|2018-04-28
desino|2025-03-25|589|67|834|false|91|58|678|624|478|572|716|943|355|473|984|false|337|true|287|false|626|393.6950925287691|false|true|false|true|214|760|true|true|true|false|coniuratio|950|245|179|817|2025-05-09
sol|2019-04-23|236|92|130|true|812|939|659|412|434|412|142|779|839|861|253|false|138|true|394|true|621|646.1923835142874|true|false|true|false|687|454|false|false|false|true|cunae|744|732|609|577|2024-02-01
omnis|2023-05-10|180|512|428|false|97|540|3|684|626|475|970|985|328|971|455|true|412|false|558|true|610|417.1564403172331|false|true|false|false|299|703|false|false|false|false|reprehenderit|471|706|846|780|2016-08-30
explicabo|2026-05-24|8|400|219|false|38|349|571|4|726|996|567|824|711|491|430|false|869|true|99|true|364|11.884929676527545|false|false|true|true|496|88|false|false|true|false|subito|158|975|548|593|2017-03-27
copia|2017-02-08|422|570|136|true|375|231|252|226|680|712|83|441|467|101|221|false|748|true|971|false|130|38.30579215531571|true|false|false|true|778|232|false|false|false|false|delibero|782|480|274|37|2021-11-13
calculus|2018-03-20|331|950|889|false|778|584|186|257|690|871|770|104|855|893|61|true|548|true|451|false|71|778.0198152520333|false|true|false|false|240|312|false|true|false|false|dapifer|260|687|47|168|2020-02-18
cervus|2024-12-23|171|889|478|true|839|949|795|54|959|198|314|4|429|204|96|true|744|false|493|false|459|502.5671559457999|false|false|false|true|513|199|true|false|true|true|suffoco|874|596|651|112|2025-06-29
arca|2025-10-17|165|173|781|false|350|131|136|897|464|973|33|42|700|372|362|true|636|true|860|false|205|732.6948039778247|false|false|false|true|453|139|true|true|true|false|cur|932|108|334|637|2024-01-11
vulariter|2024-03-22|758|959|642|true|935|829|132|759|828|433|139|971|67|269|398|true|1000|true|224|false|532|244.79502134604914|true|false|true|false|190|678|true|true|false|true|decet|236|687|348|554|2018-12-07
auxilium|2020-12-20|633|67|936|true|439|774|387|962|509|517|884|564|678|324|817|false|643|true|657|true|386|953.8764595104941|false|false|false|true|307|417|true|true|false|false|officia|442|908|51|318|2023-09-16
solitudo|2017-12-14|891|859|420|false|770|334|795|191|776|655|176|425|724|984|281|false|470|true|763|false|860|90.93817543720294|true|false|true|false|2|701|false|true|false|true|denuo|743|170|425|645|2025-03-08
culpa|2025-06-22|406|445|94|true|673|22|605|1000|562|101|531|850|83|914|621|true|693|true|944|false|958|462.95546765339293|false|true|false|true|733|431|true|false|false|true|alius|376|376|105|293|2025-04-04
comburo|2023-07-30|750|432|678|false|939|199|825|701|842|357|924|568|845|852|862|false|682|false|313|false|395|329.37515079866466|true|false|false|true|817|804|false|false|false|false|aestus|818|341|628|458|2018-07-22
arbor|2022-06-07|883|618|311|true|373|114|16|874|273|124|373|570|760|105|619|false|259|false|36|false|682|494.62491100577245|true|true|false|false|430|170|true|false|true|false|volutabrum|639|737|955|911|2025-09-11
tutis|2025-06-05|462|131|775|false|935|452|924|125|151|248|685|995|644|772|659|false|487|false|105|true|88|47.481997153321686|true|false|false|false|417|606|true|true|true|false|volup|0|812|663|973|2019-07-23
tempus|2022-08-09|156|588|325|false|568|497|649|173|834|458|769|111|385|893|10|true|772|true|153|true|238|155.3117106429016|true|true|false|false|802|970|true|true|false|false|cauda|539|547|591|487|2021-10-12
approbo|2017-12-22|18|912|492|false|162|700|973|552|498|125|207|525|637|847|722|false|155|false|98|true|547|80.10834295763291|false|false|true|false|261|265|false|false|false|true|sequi|580|607|46|179|2020-11-04
perferendis|2018-11-18|662|448|996|false|676|582|973|540|94|850|104|874|137|210|554|true|379|false|93|true|279|506.68371092747867|true|false|true|false|309|166|false|false|true|true|demo|481|794|624|352|2023-06-14
vos|2025-09-20|682|2|649|true|891|381|181|734|713|561|455|280|743|216|487|false|426|false|523|true|512|210.02416707678583|true|false|true|true|53|871|false|false|true|true|adnuo|611|622|694|564|2018-03-29
tam|2023-07-24|787|126|871|true|621|190|313|805|206|508|221|686|479|846|706|true|102|false|789|true|703|970.1062526555287|true|false|false|true|781|236|true|true|false|true|canto|607|566|762|14|2025-12-18
subseco|2026-07-19|7|427|419|false|25|900|826|283|46|324|647|551|582|396|120|true|902|false|587|false|738|200.73544846624603|false|true|true|false|589|220|false|false|false|false|altus|162|881|513|699|2019-11-28
derideo|2021-04-19|302|103|316|true|433|943|864|298|695|974|270|145|405|974|799|false|25|true|174|false|767|650.263324861648|true|true|false|false|144|390|true|false|true|false|pauper|911|248|201|50|2018-12-02
claustrum|2020-11-27|505|631|833|true|217|405|736|773|48|464|243|125|257|784|140|false|148|true|265|true|660|122.64785208460705|true|false|false|true|985|671|true|true|false|false|nobis|617|214|727|505|2022-10-20
viduo|2019-01-03|125|170|553|false|249|778|482|957|763|678|248|590|331|754|214|true|239|true|374|true|614|957.5281687188963|true|true|true|false|510|911|false|false|false|true|cinis|425|964|76|473|2021-05-01
centum|2019-10-19|955|263|375|true|41|744|991|481|441|23|559|488|95|474|18|false|273|true|568|false|595|502.89598357667234|true|false|false|false|344|440|false|false|false|true|cumque|212|295|63|487|2016-08-11
anser|2023-02-13|424|909|253|true|750|966|122|530|896|426|919|19|347|710|13|false|506|false|617|true|990|325.53515130790464|true|true|false|false|313|529|true|true|true|true|aut|615|44|39|944|2021-05-15
vetus|2019-07-18|396|806|427|true|452|701|331|143|291|905|942|534|208|535|628|true|640|true|809|false|777|449.8600731055931|true|false|false|false|153|10|true|false|true|false|veniam|242|398|349|79|2017-06-09
annus|2026-04-24|660|423|467|false|645|497|676|977|605|52|347|235|499|695|845|true|130|false|139|true|320|540.3480203186388|false|false|true|true|646|757|false|true|false|true|umquam|470|173|488|687|2024-04-22
usque|2021-06-17|621|727|755|false|743|211|366|324|44|515|67|215|178|7|123|false|176|false|190|false|363|396.88683396782653|false|false|true|false|779|65|false|false|false|false|defendo|13|809|737|225|2024-11-03
caecus|2023-08-06|720|897|427|false|345|854|772|850|230|199|420|163|433|606|741|true|843|false|586|true|654|4.042825349045764|false|false|true|false|308|656|false|true|true|true|incidunt|335|859|232|767|2022-01-27
cunctatio|2020-02-02|439|521|810|false|583|179|855|368|15|460|846|818|589|874|358|true|108|true|922|false|865|851.4679339564348|false|false|true|false|537|805|false|true|true|false|tantum|478|363|470|88|2026-05-05
aetas|2020-06-17|595|235|208|true|210|552|569|778|705|286|664|283|41|973|976|false|717|true|875|true|653|290.54425848649123|true|true|true|false|188|4|true|true|false|false|tabgo|279|257|964|273|2020-10-19
alioqui|2020-08-30|863|358|514|true|652|524|136|964|410|901|894|173|115|349|430|true|571|false|302|false|590|211.77706041838672|false|false|false|false|105|514|true|false|false|false|esse|689|135|236|298|2024-03-30
corrupti|2023-11-23|328|279|49|true|500|462|588|747|271|936|588|102|834|552|783|true|688|true|995|false|983|145.7314147786203|false|true|false|true|886|967|true|false|false|true|cavus|34|162|567|458|2017-04-08
correptius|2022-10-01|543|524|968|true|951|417|818|384|781|955|174|932|568|995|427|false|498|true|321|true|984|822.2306114141801|true|true|true|true|61|539|true|true|false|true|cerno|438|474|629|749|2018-04-13
cena|2021-08-15|599|417|192|true|944|874|875|741|572|81|998|73|840|117|325|false|947|false|645|false|418|449.2265991534086|false|true|false|true|875|878|false|false|true|true|absque|659|884|82|307|2021-09-01
paulatim|2026-04-01|903|978|214|true|466|824|678|169|769|738|11|266|277|200|590|true|940|true|943|false|387|628.4523844791925|true|true|true|false|176|617|true|true|false|true|provident|145|485|390|326|2019-03-09
dolorem|2016-08-01|27|972|695|false|23|0|986|977|651|400|400|330|464|637|39|false|613|true|541|false|71|28.332025736695797|false|true|false|false|385|352|true|false|true|false|autus|202|100|989|354|2018-01-07
apto|2024-05-22|44|633|299|false|406|660|455|677|41|540|873|668|573|169|780|true|511|true|70|true|233|864.2302122372906|true|false|true|true|187|828|true|false|false|true|demoror|209|243|960|911|2017-06-06
caelum|2022-08-26|734|467|582|false|229|656|756|706|366|602|343|766|742|135|317|false|381|true|786|false|754|16.536439264883683|false|true|true|false|115|506|false|true|false|true|sit|917|601|156|879|2026-03-28
creator|2020-04-08|408|458|209|false|990|282|850|910|57|26|338|493|6|832|825|false|748|false|998|false|337|835.3236461738372|false|true|false|true|26|329|true|false|false|false|combibo|96|595|920|317|2021-04-27
tantum|2021-06-28|495|359|353|false|37|255|442|67|683|193|83|348|87|446|919|false|719|true|870|false|639|627.2688841075903|false|false|false|true|563|309|false|true|false|true|blandior|413|901|833|368|2019-01-08
corrumpo|2022-12-02|524|67|192|false|405|810|211|828|608|841|794|321|121|632|397|false|590|false|934|true|344|407.3316333037304|false|false|false|true|262|850|true|false|false|false|demens|970|915|782|585|2017-06-21
comburo|2019-11-22|13|570|623|false|388|610|4|605|355|861|932|685|940|879|632|true|231|false|204|false|130|950.6208898212667|true|true|false|false|628|801|false|false|false|true|suggero|361|960|309|539|2018-09-25
adulescens|2018-04-05|356|241|946|true|845|280|679|735|334|101|173|654|465|732|71|true|291|true|200|false|818|249.0299312274984|false|true|true|false|34|396|false|true|false|false|centum|499|357|386|209|2022-07-15
crepusculum|2020-03-25|395|858|298|true|816|697|387|656|424|690|479|363|918|36|617|true|617|true|23|false|610|684.4157527465496|false|true|true|true|848|365|true|true|true|false|cultellus|378|0|730|167|2016-07-26
statim|2024-10-23|479|531|106|false|96|484|29|593|725|907|11|15|312|916|741|true|470|true|987|false|64|33.3563245976084|true|true|false|true|18|740|true|false|false|false|atavus|846|214|934|428|2017-07-29
cetera|2022-02-12|479|589|222|true|172|898|411|760|436|86|204|954|419|689|515|true|59|false|154|true|777|240.58506185320837|true|true|false|false|199|582|false|true|true|true|repellat|225|450|417|578|2025-08-21
tunc|2020-06-21|879|509|645|true|424|40|665|322|203|116|4|608|659|179|821|false|867|true|268|true|353|511.86896554910743|true|false|false|false|363|871|false|true|false|false|defero|43|295|856|535|2020-06-05
adsum|2025-01-08|704|421|710|true|621|160|857|251|768|800|973|158|119|660|987|false|940|true|24|true|377|320.4963165696837|true|false|false|false|51|666|false|true|true|false|charisma|723|670|492|308|2017-05-03
complectus|2024-02-14|194|111|29|true|575|37|74|235|953|188|217|997|125|377|193|true|675|false|649|false|461|958.051372019622|true|false|true|false|510|730|true|false|false|true|contego|457|541|85|160|2024-01-27
volo|2016-12-21|60|27|58|true|362|344|398|836|507|371|227|454|575|124|265|true|391|true|464|false|83|660.1742283394506|true|false|false|false|45|979|true|true|false|false|speculum|402|146|356|537|2019-03-26
tantillus|2023-08-10|471|437|989|true|9|611|554|301|335|108|445|571|191|139|584|true|216|true|56|true|138|295.51635931593313|false|true|false|true|740|669|false|false|true|false|infit|182|309|484|313|2023-11-16
temperantia|2025-05-26|864|511|610|true|983|385|365|161|700|565|460|250|7|395|808|false|891|false|54|false|401|611.7545804937599|true|true|true|true|208|754|true|false|true|true|solum|798|224|544|163|2021-04-26
cometes|2023-06-05|65|803|34|true|82|570|459|752|876|929|873|474|449|772|411|false|780|false|806|false|757|185.65919265150143|false|false|true|true|398|207|true|true|false|true|convoco|297|434|17|970|2023-01-29
quam|2025-01-20|546|184|261|true|357|18|562|654|337|127|119|24|466|999|54|false|466|true|92|true|249|146.65080030056032|false|false|false|true|43|945|false|false|true|true|soluta|635|503|537|915|2019-01-29
utor|2024-11-06|555|1|211|false|484|150|374|259|828|727|269|294|823|558|887|true|460|false|558|true|45|206.01055459231142|true|true|true|false|671|66|true|true|false|true|appositus|437|259|491|673|2018-08-15
temeritas|2020-03-27|208|197|736|true|297|565|300|64|278|537|304|242|96|347|398|false|866|false|523|false|20|506.21338880799584|false|false|false|true|514|354|true|false|false|true|numquam|746|1000|557|755|2020-01-14
audio|2022-07-14|248|690|413|false|193|812|12|782|285|142|554|9|329|634|709|false|73|true|87|true|800|348.8015339049002|true|true|false|true|673|85|false|true|true|false|torrens|556|259|465|240|2024-03-13
titulus|2017-03-03|347|356|586|true|840|434|720|928|355|891|620|112|477|22|569|true|787|true|919|false|452|898.6577316452853|true|false|true|false|465|190|false|true|true|true|corrupti|903|198|45|476|2018-05-29
appositus|2026-04-09|286|377|438|true|843|286|32|564|363|110|293|372|436|533|886|false|537|true|952|false|608|833.1347029536792|false|false|true|false|118|550|false|true|false|false|doloremque|352|180|930|889|2019-12-21
temperantia|2016-10-03|973|1|173|true|465|626|136|782|400|31|981|306|578|680|873|false|54|true|610|false|796|505.90740730129556|true|true|true|true|289|472|false|true|true|false|bene|672|893|214|366|2017-01-08
alienus|2017-07-27|498|368|113|false|794|276|221|302|73|529|898|768|547|926|100|true|503|false|743|false|678|777.5498581684304|true|true|false|false|126|662|false|true|true|false|subnecto|450|45|772|16|2024-06-21
abscido|2017-03-07|382|248|202|false|71|288|550|248|984|283|434|928|228|778|743|true|826|false|485|true|209|243.18287263925998|false|true|true|true|256|76|true|false|true|false|audax|345|115|847|581|2025-11-06
celer|2025-05-09|743|917|452|true|567|768|639|359|809|431|891|276|712|910|648|false|445|false|595|false|850|72.29737010611848|false|false|true|false|536|598|false|false|false|false|caterva|626|811|63|781|2021-11-09
assentator|2024-07-29|115|345|785|false|774|241|285|397|816|508|476|720|770|986|204|true|942|true|160|true|220|590.6491634586356|false|false|false|false|119|554|true|true|false|false|ara|726|844|549|694|2020-08-31
teres|2025-12-20|900|774|352|false|548|577|293|119|789|541|822|659|179|503|9|true|654|true|575|false|496|306.630797300935|true|false|false|true|166|729|false|false|false|true|sit|308|797|325|660|2019-04-17
aliqua|2021-12-11|2|70|57|true|858|153|938|366|352|357|785|615|33|451|201|true|779|false|224|true|26|329.7141567451796|true|true|true|false|293|865|true|false|true|true|patria|859|942|167|332|2024-12-11
vinculum|2025-06-26|788|439|433|false|773|572|137|218|641|283|324|128|558|449|524|false|962|true|925|false|98|233.27368566884843|false|false|true|false|675|557|true|false|false|true|beatus|974|106|779|896|2023-09-24
agnosco|2024-01-02|822|864|341|false|0|436|312|494|330|12|817|23|502|460|734|false|649|true|227|true|586|929.2753089597336|true|true|false|true|308|475|true|false|false|false|angelus|858|600|518|633|2022-06-13
sursum|2022-09-11|631|778|228|true|835|505|110|124|208|681|748|106|610|567|789|false|217|false|794|false|659|422.87924354111794|true|true|true|false|500|138|false|false|false|true|defero|494|584|521|88|2017-08-03
decens|2019-02-07|414|377|947|true|943|72|574|248|973|920|622|607|172|894|877|true|163|true|710|true|906|894.828709900862|false|false|true|true|856|223|true|false|false|true|peior|517|652|439|339|2022-02-06
terreo|2018-02-01|192|45|523|true|738|776|353|334|684|375|182|849|584|221|865|true|162|true|185|false|294|320.9463816917665|true|false|true|false|623|213|true|true|true|true|ventus|646|21|206|417|2016-11-19
ancilla|2022-05-23|495|607|999|true|252|274|286|200|427|899|872|62|625|235|440|true|772|true|296|true|41|327.46989558092133|false|false|true|true|696|761|false|true|true|true|tenetur|177|351|498|7|2023-05-08
timor|2021-08-09|802|643|8|true|372|964|990|474|486|842|442|631|541|268|723|true|477|false|402|false|880|722.13561928541|false|false|false|false|788|312|true|true|true|false|veritatis|317|35|966|608|2018-07-06
stabilis|2019-01-23|685|257|786|false|809|206|724|744|142|454|638|93|966|620|182|true|257|false|135|true|890|881.4317516003568|true|false|false|false|968|829|false|true|false|false|color|769|754|688|435|2016-09-02
cras|2021-10-29|934|652|886|true|737|25|54|689|950|626|313|108|667|879|656|false|59|true|224|true|365|892.7307729055777|false|false|true|false|324|953|true|true|false|false|terminatio|666|897|687|799|2018-11-19
canonicus|2016-12-02|276|389|184|true|669|498|312|232|676|692|251|574|786|338|521|false|82|true|623|false|406|111.73123370163418|false|true|false|true|821|599|false|true|true|false|volubilis|180|279|467|899|2018-09-05
sumptus|2022-04-26|817|1000|933|true|160|441|329|992|304|352|696|392|70|572|98|true|621|false|162|true|932|90.42814044329927|false|true|false|true|572|452|true|true|false|true|aperio|980|305|670|55|2021-12-23
adeptio|2017-08-31|401|426|101|true|162|364|525|773|545|99|939|318|253|781|157|false|958|false|195|true|122|324.368555566524|true|false|false|false|182|192|true|false|false|true|cibo|988|300|752|771|2021-10-19
solum|2022-09-01|55|471|573|false|475|860|483|932|447|394|679|617|801|362|633|false|328|true|82|true|792|577.7820059708927|false|false|true|true|974|200|true|true|false|false|vetus|344|751|135|99|2021-11-05
trans|2019-05-08|702|68|95|false|283|511|513|490|574|125|374|747|284|188|536|true|397|true|732|false|856|623.3875191963143|false|false|false|false|354|238|false|false|true|true|traho|805|653|489|761|2023-02-07
nemo|2016-11-17|714|506|860|false|198|719|493|866|800|119|315|372|168|99|206|false|79|true|63|false|992|982.3890040783897|false|false|false|false|29|347|false|true|false|false|tergum|459|795|755|718|2021-06-01
animi|2016-07-27|129|462|183|true|411|670|43|171|513|442|512|427|196|127|866|true|847|true|72|true|537|41.856053346284725|false|false|false|false|918|979|false|false|true|false|volubilis|346|592|837|309|2022-11-17